timestamp,date_GMT,status,attendance,home_team_name,away_team_name,referee,Game Week,Pre-Match PPG (Home),Pre-Match PPG (Away),home_ppg,away_ppg,home_team_goal_count,away_team_goal_count,total_goal_count,total_goals_at_half_time,home_team_goal_count_half_time,away_team_goal_count_half_time,home_team_goal_timings,away_team_goal_timings,home_team_corner_count,away_team_corner_count,home_team_yellow_cards,home_team_red_cards,away_team_yellow_cards,away_team_red_cards,home_team_first_half_cards,home_team_second_half_cards,away_team_first_half_cards,away_team_second_half_cards,home_team_shots,away_team_shots,home_team_shots_on_target,away_team_shots_on_target,home_team_shots_off_target,away_team_shots_off_target,home_team_fouls,away_team_fouls,home_team_possession,away_team_possession,Home Team Pre-Match xG,Away Team Pre-Match xG,team_a_xg,team_b_xg,stadium_name
1533927600,Aug 10 2018 - 7:00pm,complete,74439,Manchester United,Leicester City,Andre Marriner,1,0,0,1.89,1.32,2,1,3,1,1,0,"3,83",90'2,2,5,2,0,1,0,0,2,0,1,8,8,7,5,1,3,11,8,46,54,0,0,1.25,1.46,Old Trafford (Manchester)
1533987000,Aug 11 2018 - 11:30am,complete,51749,Newcastle United,Tottenham Hotspur,Martin Atkinson,1,0,0,1.32,1.74,1,2,3,3,1,2,11,"8,18",3,5,2,0,2,0,0,2,1,1,11,13,3,6,8,7,11,12,40,60,0,0,1.18,1.58,St. James' Park (Newcastle upon Tyne)
1533996000,Aug 11 2018 - 2:00pm,complete,10353,AFC Bournemouth,Cardiff City,Kevin Friend,1,0,0,1.53,0.74,2,0,2,1,1,0,"24,90'1",,7,4,1,0,1,0,1,0,1,0,11,7,5,2,6,5,11,9,62,38,0,0,1.5,0.89,Vitality Stadium (Bournemouth- Dorset)
1533996000,Aug 11 2018 - 2:00pm,complete,24821,Fulham,Crystal Palace,Mike Dean,1,0,0,1.11,1.53,0,2,2,1,0,1,,"41,79",5,5,1,0,2,0,1,0,1,1,11,11,7,11,4,0,9,11,66,34,0,0,1.67,1.81,Craven Cottage (London)
1533996000,Aug 11 2018 - 2:00pm,complete,24121,Huddersfield Town,Chelsea,Chris Kavanagh,1,0,0,0.47,1.58,0,3,3,2,0,2,,"34,45,80",2,5,2,0,1,0,1,1,0,1,6,8,2,5,4,3,9,8,37,63,0,0,0.9,1.17,John Smith's Stadium (Huddersfield- West Yorkshire)
1533996000,Aug 11 2018 - 2:00pm,complete,20051,Watford,Brighton & Hove Albion,Jonathan Moss,1,0,0,1.42,0.68,2,0,2,1,1,0,"35,54",,8,2,2,0,2,0,0,2,1,1,15,6,6,0,9,6,10,16,53,47,0,0,1.78,0.65,Vicarage Road (Watford)
1534005000,Aug 11 2018 - 4:30pm,complete,31231,Wolverhampton Wanderers,Everton,Craig Pawson,1,0,0,1.79,1.05,2,2,4,2,1,1,"44,80","17,67",3,6,0,0,1,1,0,0,2,0,10,9,5,6,5,3,8,7,57,43,0,0,1.41,1.34,Molineux Stadium (Wolverhampton- West Midlands)
1534077000,Aug 12 2018 - 12:30pm,complete,53235,Liverpool,West Ham United,Anthony Taylor,1,0,0,2.79,1.11,4,0,4,2,2,0,"19,45'2,53,88",,5,4,1,0,2,0,1,0,0,2,16,5,9,3,7,2,14,9,64,36,0,0,2.12,0.75,Anfield (Liverpool)
1534077000,Aug 12 2018 - 12:30pm,complete,30784,Southampton,Burnley,Graham Scott,1,0,0,1.21,0.89,0,0,0,0,0,0,,,8,5,0,0,1,0,0,0,1,0,10,13,4,7,6,6,10,9,47,53,0,0,1.29,1.69,St. Mary's Stadium (Southampton- Hampshire)
1534086000,Aug 12 2018 - 3:00pm,complete,59934,Arsenal,Manchester City,Michael Oliver,1,0,0,2.37,2.32,0,2,2,1,0,1,,"14,64",2,9,2,0,2,0,1,1,1,1,8,14,4,9,4,5,11,14,42,58,0,0,1.11,1.91,Emirates Stadium (London)
1534591800,Aug 18 2018 - 11:30am,complete,30720,Cardiff City,Newcastle United,Craig Pawson,2,0,0,1.05,1.05,0,0,0,0,0,0,,,5,5,2,0,2,1,0,2,2,1,8,8,2,7,6,1,14,16,51,49,0,0,1.03,1.22,Cardiff City Stadium (Cardiff (Caerdydd))
1534600800,Aug 18 2018 - 2:00pm,complete,38601,Everton,Southampton,Lee Mason,2,0,0,1.79,0.84,2,1,3,2,2,0,"15,31",54,2,5,0,0,5,0,0,0,4,1,11,11,8,5,3,6,8,20,58,42,0,0,1.69,1.33,Goodison Park (Liverpool)
1534600800,Aug 18 2018 - 2:00pm,complete,32043,Leicester City,Wolverhampton Wanderers,Mike Dean,2,0,0,1.42,1.21,2,0,2,2,2,0,"29,45",,1,9,2,1,1,0,0,3,0,1,5,11,3,4,2,7,10,8,42,58,0,0,0.81,1.53,King Power Stadium (Leicester- Leicestershire)
1534600800,Aug 18 2018 - 2:00pm,complete,58297,Tottenham Hotspur,Fulham,Anthony Taylor,2,0,0,2,0.26,3,1,4,1,1,0,"43,74,77",52,5,2,0,0,0,0,0,0,0,0,22,9,12,4,10,5,9,5,59,41,0,0,2.75,1.04,Wembley Stadium (London)
1534600800,Aug 18 2018 - 2:00pm,complete,56888,West Ham United,AFC Bournemouth,Stuart Attwell,2,0,0,1.63,0.84,1,2,3,1,1,0,33,"60,66",6,4,6,0,2,0,1,5,1,1,9,9,6,6,3,3,14,10,61,39,0,0,1.39,1.31,London Stadium (London)
1534609800,Aug 18 2018 - 4:30pm,complete,40491,Chelsea,Arsenal,Martin Atkinson,2,0,0,2.21,1.32,3,2,5,4,2,2,"9,20,81","37,41",5,1,0,0,2,0,0,0,1,1,19,13,12,7,7,6,12,9,62,38,0,0,2.47,1.61,Stamford Bridge (London)
1534681800,Aug 19 2018 - 12:30pm,complete,18822,Burnley,Watford,Paul Tierney,2,0,0,1.21,1.21,1,3,4,2,1,1,6,"3,48,51",5,2,1,0,2,0,0,1,1,1,7,7,4,7,3,0,8,19,58,42,0,0,1.09,1.25,Turf Moor (Burnley)
1534681800,Aug 19 2018 - 12:30pm,complete,54021,Manchester City,Huddersfield Town,Andre Marriner,2,0,0,2.84,0.37,6,1,7,4,3,1,"25,31,35,48,75,84",43,10,3,0,0,2,0,0,0,0,2,24,4,15,2,9,2,9,4,76,24,0,0,3.23,0.59,Etihad Stadium (Manchester)
1534690800,Aug 19 2018 - 3:00pm,complete,30592,Brighton & Hove Albion,Manchester United,Kevin Friend,2,0,0,1.21,1.58,3,2,5,4,3,1,"25,27,44","34,90'5",3,5,1,0,1,0,0,1,1,0,7,8,4,4,3,4,16,13,33,67,0,0,0.97,1.06,The American Express Community Stadium (Falmer- East Sussex)
1534791600,Aug 20 2018 - 7:00pm,complete,25750,Crystal Palace,Liverpool,Michael Oliver,2,0,0,1.05,2.32,0,2,2,1,0,1,,"45,90'3",6,7,1,1,1,0,1,1,0,1,8,11,3,7,5,4,6,13,36,64,0,0,1.03,1.7,Selhurst Park (London)
1535196600,Aug 25 2018 - 11:30am,complete,31222,Wolverhampton Wanderers,Manchester City,Martin Atkinson,3,1,3,1.79,2.32,1,1,2,0,0,0,57,69,5,9,1,0,2,0,1,0,1,1,9,13,3,7,6,6,13,8,28,72,1.41,1.91,0.96,1.84,Molineux Stadium (Wolverhampton- West Midlands)
1535205600,Aug 25 2018 - 2:00pm,complete,10654,AFC Bournemouth,Everton,Lee Probert,3,3,1,1.53,1.05,2,2,4,0,0,0,"75,79","56,66",6,2,0,1,3,1,0,1,1,3,16,9,6,4,10,5,12,10,49,51,1.5,1.34,1.75,1.16,Vitality Stadium (Bournemouth- Dorset)
1535205600,Aug 25 2018 - 2:00pm,complete,59830,Arsenal,West Ham United,Graham Scott,3,0,0,2.37,1.11,3,1,4,2,1,1,"30,70,90'2",25,7,2,1,0,3,0,0,1,1,2,13,11,11,6,2,5,16,13,61,39,1.11,0.75,2.01,1.44,Emirates Stadium (London)
1535205600,Aug 25 2018 - 2:00pm,complete,21193,Huddersfield Town,Cardiff City,Michael Oliver,3,0,0,0.47,0.74,0,0,0,0,0,0,,,7,7,0,1,1,0,0,1,0,1,4,11,2,5,2,6,8,10,58,42,0.9,0.89,0.76,1.47,John Smith's Stadium (Huddersfield- West Yorkshire)
1535205600,Aug 25 2018 - 2:00pm,complete,29925,Southampton,Leicester City,Jonathan Moss,3,1,0,1.21,1.32,1,2,3,0,0,0,52,"56,90'2",10,3,2,1,1,0,1,2,0,1,10,9,6,6,4,3,13,11,51,49,1.29,1.46,1.54,1.23,St. Mary's Stadium (Southampton- Hampshire)
1535214600,Aug 25 2018 - 4:30pm,complete,53294,Liverpool,Brighton & Hove Albion,Chris Kavanagh,3,3,0,2.79,0.68,1,0,1,1,1,0,23,,8,5,1,0,1,0,0,1,0,1,16,5,9,3,7,2,8,14,70,30,2.12,0.65,2.26,0.76,Anfield (Liverpool)
1535286600,Aug 26 2018 - 12:30pm,complete,20014,Watford,Crystal Palace,Anthony Taylor,3,3,3,1.42,1.53,2,1,3,0,0,0,"53,71",78,6,3,4,0,2,0,2,2,1,1,10,9,6,4,4,5,14,11,43,57,1.78,1.81,1.5,1.21,Vicarage Road (Watford)
1535295600,Aug 26 2018 - 3:00pm,complete,23438,Fulham,Burnley,David Coote,3,0,1,1.11,0.89,4,2,6,5,3,2,"4,36,38,83","10,41",6,4,2,0,1,0,0,2,0,1,23,8,13,3,10,5,11,8,63,37,1.67,1.69,2.65,1.06,Craven Cottage (London)
1535295600,Aug 26 2018 - 3:00pm,complete,51791,Newcastle United,Chelsea,Paul Tierney,3,0,3,1.32,1.58,1,2,3,0,0,0,83,"76,87",4,5,3,0,1,0,0,3,1,0,5,11,3,4,2,7,16,8,18,82,1.18,1.17,0.68,1.69,St. James' Park (Newcastle upon Tyne)
1535396400,Aug 27 2018 - 7:00pm,complete,74400,Manchester United,Tottenham Hotspur,Craig Pawson,3,3,3,1.89,1.74,0,3,3,0,0,0,,"50,52,84",5,2,2,0,3,0,1,1,2,1,18,8,6,6,12,2,11,16,57,43,1.25,1.58,2.01,1.11,Old Trafford (Manchester)
1535801400,Sep 01 2018 - 11:30am,complete,32149,Leicester City,Liverpool,Paul Tierney,4,3,3,1.42,2.32,1,2,3,2,0,2,63,"10,45",4,4,3,0,2,0,0,3,0,2,9,9,6,5,3,4,9,12,51,49,0.81,1.7,1.39,1.22,King Power Stadium (Leicester- Leicestershire)
1535810400,Sep 01 2018 - 2:00pm,complete,30526,Brighton & Hove Albion,Fulham,Lee Probert,4,3,0,1.21,0.26,2,2,4,1,0,1,"67,84","43,62",7,1,3,0,3,0,1,2,0,3,13,9,6,6,7,3,12,14,41,59,0.97,1.04,1.69,1.22,The American Express Community Stadium (Falmer- East Sussex)
1535810400,Sep 01 2018 - 2:00pm,complete,40178,Chelsea,AFC Bournemouth,Lee Mason,4,3,3,2.21,0.84,2,0,2,0,0,0,"72,85",,7,6,2,0,2,0,1,1,1,1,13,8,7,2,6,6,10,7,72,28,2.47,1.31,1.85,1.01,Stamford Bridge (London)
1535810400,Sep 01 2018 - 2:00pm,complete,25495,Crystal Palace,Southampton,Martin Atkinson,4,0,0,1.05,0.84,0,2,2,0,0,0,,"47,90'2",7,4,1,0,1,0,0,1,0,1,14,13,7,7,7,6,11,12,50,50,1.03,1.33,1.84,1.67,Selhurst Park (London)
1535810400,Sep 01 2018 - 2:00pm,complete,38767,Everton,Huddersfield Town,Stuart Attwell,4,3,0,1.79,0.37,1,1,2,2,1,1,36,34,4,3,3,0,3,0,0,3,1,2,10,8,2,7,8,1,13,14,57,43,1.69,0.59,1.06,1.33,Goodison Park (Liverpool)
1535810400,Sep 01 2018 - 2:00pm,complete,59947,West Ham United,Wolverhampton Wanderers,Chris Kavanagh,4,0,0,1.63,1.21,0,1,1,0,0,0,,90'3,4,4,2,0,1,0,1,1,0,1,9,14,4,7,5,7,10,11,47,53,1.39,1.53,1.3,1.75,London Stadium (London)
1535819400,Sep 01 2018 - 4:30pm,complete,53946,Manchester City,Newcastle United,Kevin Friend,4,3,1,2.84,1.05,2,1,3,2,1,1,"8,52",30,4,0,0,0,0,0,0,0,0,0,18,4,9,3,9,1,5,13,78,22,3.23,1.22,2.34,0.62,Etihad Stadium (Manchester)
1535891400,Sep 02 2018 - 12:30pm,complete,32316,Cardiff City,Arsenal,Anthony Taylor,4,1,0,1.05,1.32,2,3,5,2,1,1,"45'2,70","11,62,81",3,9,3,0,4,0,0,3,1,3,14,16,4,12,10,4,12,14,27,73,1.03,1.61,1.49,2.35,Cardiff City Stadium (Cardiff (Caerdydd))
1535900400,Sep 02 2018 - 3:00pm,complete,21525,Burnley,Manchester United,Jonathan Moss,4,0,0,1.21,1.58,0,2,2,2,0,2,,"27,44",2,5,2,0,3,1,0,2,1,3,9,16,3,10,6,6,7,13,46,54,1.09,1.06,1.13,2.06,Turf Moor (Burnley)
1535900400,Sep 02 2018 - 3:00pm,complete,20141,Watford,Tottenham Hotspur,Andre Marriner,4,3,3,1.42,1.74,2,1,3,0,0,0,"69,76",53,3,10,2,0,1,0,0,2,0,1,7,10,4,3,3,7,9,8,34,66,1.64,1.34,1.13,1.45,Vicarage Road (Watford)
1537011000,Sep 15 2018 - 11:30am,complete,80188,Tottenham Hotspur,Liverpool,Michael Oliver,5,3,3,2,2.32,1,2,3,1,0,1,90'3,"39,54",5,4,0,0,0,0,0,0,0,0,9,16,4,11,5,5,17,16,60,40,2.75,1.46,1.03,1.9,Wembley Stadium (London)
1537020000,Sep 15 2018 - 2:00pm,complete,10543,AFC Bournemouth,Leicester City,Craig Pawson,5,2,1.5,1.53,1.32,4,2,6,3,3,0,"19,37,41,81","88,89",4,6,3,0,3,1,1,2,2,2,8,13,6,9,2,4,13,15,46,54,1.63,1.35,1.16,1.85,Vitality Stadium (Bournemouth- Dorset)
1537020000,Sep 15 2018 - 2:00pm,complete,40499,Chelsea,Cardiff City,Jonathan Moss,5,3,0.5,2.21,0.74,4,1,5,3,2,1,"37,43,80,83",16,5,4,0,0,0,0,0,0,0,0,16,7,8,3,8,4,8,10,76,24,2.16,1.18,1.86,0.91,Stamford Bridge (London)
1537020000,Sep 15 2018 - 2:00pm,complete,23696,Huddersfield Town,Crystal Palace,Lee Mason,5,0.5,1.5,0.47,1.53,0,1,1,1,0,1,,38,5,3,1,0,2,0,1,0,2,0,12,5,3,3,9,2,11,17,58,42,0.83,1.51,1.43,0.71,John Smith's Stadium (Huddersfield- West Yorkshire)
1537020000,Sep 15 2018 - 2:00pm,complete,53307,Manchester City,Fulham,Stuart Attwell,5,3,0.5,2.84,0.26,3,0,3,2,2,0,"2,21,47",,10,4,0,0,0,0,0,0,0,0,18,9,10,4,8,5,7,7,64,36,2.79,1.13,2.4,1.08,Etihad Stadium (Manchester)
1537020000,Sep 15 2018 - 2:00pm,complete,52165,Newcastle United,Arsenal,Lee Probert,5,0,1.5,1.32,1.32,1,2,3,0,0,0,90'1,"49,58",10,4,0,0,0,0,0,0,0,0,3,8,3,3,0,5,13,11,36,64,0.93,1.98,0.7,1.09,St. James' Park (Newcastle upon Tyne)
1537029000,Sep 15 2018 - 4:30pm,complete,20537,Watford,Manchester United,Mike Dean,5,3,1.5,1.42,1.58,1,2,3,2,0,2,65,"35,38",6,8,2,0,2,1,2,0,0,3,9,8,6,7,3,1,9,11,42,58,1.47,1.56,1.41,1.36,Vicarage Road (Watford)
1537101000,Sep 16 2018 - 12:30pm,complete,30406,Wolverhampton Wanderers,Burnley,Andre Marriner,5,1,0.5,1.79,0.89,1,0,1,0,0,0,61,,8,2,2,0,4,0,0,2,2,2,21,8,8,3,13,5,10,9,58,42,1.18,1.38,2.4,0.96,Molineux Stadium (Wolverhampton- West Midlands)
1537110000,Sep 16 2018 - 3:00pm,complete,39161,Everton,West Ham United,Martin Atkinson,5,2,0,1.79,1.11,1,3,4,3,1,2,45'2,"11,31,61",4,2,2,0,5,0,1,1,1,4,11,7,5,5,6,2,15,12,55,45,1.38,1.1,1.51,1.14,Goodison Park (Liverpool)
1537210800,Sep 17 2018 - 7:00pm,complete,27742,Southampton,Brighton & Hove Albion,Anthony Taylor,5,0.5,0,1.21,0.68,2,2,4,1,1,0,"35,65","67,90",1,4,2,0,3,0,0,2,0,3,12,10,6,5,6,5,10,13,51,49,1.42,0.71,1.51,1.26,St. Mary's Stadium (Southampton- Hampshire)
1537615800,Sep 22 2018 - 11:30am,complete,23418,Fulham,Watford,Martin Atkinson,6,1.5,3,1.11,1.21,1,1,2,1,0,1,78,2,8,8,2,0,1,0,2,0,0,1,10,11,4,7,6,4,11,9,60,40,2.16,1.25,1.26,1.55,Craven Cottage (London)
1537624800,Sep 22 2018 - 2:00pm,complete,18636,Burnley,AFC Bournemouth,Anthony Taylor,6,0,1.5,1.21,0.84,4,0,4,2,2,0,"39,41,83,88",,3,8,2,0,0,0,1,1,0,0,9,11,6,6,3,5,17,6,37,63,1.11,1.16,1.24,1.6,Turf Moor (Burnley)
1537624800,Sep 22 2018 - 2:00pm,complete,32321,Cardiff City,Manchester City,Michael Oliver,6,0.5,2,1.05,2.32,0,5,5,3,0,3,,"32,35,44,67,89",1,9,1,0,1,0,1,0,0,1,3,15,3,11,0,4,6,4,21,79,1.26,1.88,0.54,2.14,Cardiff City Stadium (Cardiff (Caerdydd))
1537624800,Sep 22 2018 - 2:00pm,complete,25679,Crystal Palace,Newcastle United,Andre Marriner,6,0,0.5,1.05,1.05,0,0,0,0,0,0,,,9,5,1,0,1,0,0,1,1,0,12,7,5,4,7,3,8,11,61,39,1.43,0.92,1.57,0.94,Selhurst Park (London)
1537624800,Sep 22 2018 - 2:00pm,complete,31676,Leicester City,Huddersfield Town,David Coote,6,1.5,0.5,1.42,0.37,3,1,4,2,1,1,"19,66,75",5,3,1,2,0,1,0,2,0,0,1,16,8,9,3,7,5,10,16,62,38,1.1,0.96,1.9,0.92,King Power Stadium (Leicester- Leicestershire)
1537624800,Sep 22 2018 - 2:00pm,complete,50965,Liverpool,Southampton,Paul Tierney,6,3,1.5,2.79,0.84,3,0,3,3,3,0,"10,21,45'3",,5,5,0,0,2,0,0,0,1,1,10,3,5,2,5,1,7,10,60,40,2.19,1.5,1.41,0.61,Anfield (Liverpool)
1537624800,Sep 22 2018 - 2:00pm,complete,74489,Manchester United,Wolverhampton Wanderers,Kevin Friend,6,1.5,1.5,1.89,1.21,1,1,2,1,1,0,18,53,5,4,1,0,1,0,1,0,0,1,10,12,7,9,3,3,5,17,64,36,1.63,1.64,1.57,1.71,Old Trafford (Manchester)
1537633800,Sep 22 2018 - 4:30pm,complete,30531,Brighton & Hove Albion,Tottenham Hotspur,Chris Kavanagh,6,2,2,1.21,1.74,1,2,3,1,0,1,90'3,"42,76",5,7,2,0,1,0,0,2,0,1,8,13,5,8,3,5,15,9,28,72,1.33,1.38,1.08,1.71,The American Express Community Stadium (Falmer- East Sussex)
1537705800,Sep 23 2018 - 12:30pm,complete,56875,West Ham United,Chelsea,Mike Dean,6,0,3,1.63,1.58,0,0,0,0,0,0,,,1,8,2,0,1,0,0,2,0,1,6,13,2,7,4,6,11,9,28,72,1.35,1.43,0.73,1.9,London Stadium (London)
1537714800,Sep 23 2018 - 3:00pm,complete,59964,Arsenal,Everton,Jonathan Moss,6,1.5,1,2.37,1.05,2,0,2,0,0,0,"56,59",,5,9,2,0,1,0,2,0,1,0,7,9,6,7,1,2,17,12,62,38,1.56,1.25,1.3,1.46,Emirates Stadium (London)
1538220600,Sep 29 2018 - 11:30am,complete,56938,West Ham United,Manchester United,Michael Oliver,7,0.33,2,1.63,1.58,3,1,4,2,2,0,"5,43,74",71,4,9,0,0,1,0,0,0,0,1,8,6,4,5,4,1,12,12,49,51,1.14,1.5,1.13,1.2,London Stadium (London)
1538229600,Sep 29 2018 - 2:00pm,complete,60019,Arsenal,Watford,Anthony Taylor,7,2,2,2.37,1.21,2,0,2,0,0,0,"81,83",,6,6,2,0,2,0,1,1,1,1,9,13,3,6,6,7,11,17,63,37,1.47,1.4,1.22,1.53,Emirates Stadium (London)
1538229600,Sep 29 2018 - 2:00pm,complete,38788,Everton,Fulham,Roger East,7,1.33,0.33,1.79,0.26,3,0,3,0,0,0,"56,66,89",,12,1,0,0,3,0,0,0,1,2,13,7,7,0,6,7,13,13,51,49,1.42,1.11,1.68,0.64,Goodison Park (Liverpool)
1538229600,Sep 29 2018 - 2:00pm,complete,23885,Huddersfield Town,Tottenham Hotspur,Craig Pawson,7,0.33,2.25,0.47,1.74,0,2,2,2,0,2,,"25,34",3,0,2,0,2,0,1,1,0,2,9,11,6,7,3,4,17,16,52,48,1.03,1.46,1.38,1.41,John Smith's Stadium (Huddersfield- West Yorkshire)
1538229600,Sep 29 2018 - 2:00pm,complete,54152,Manchester City,Brighton & Hove Albion,Lee Mason,7,3,0.33,2.84,0.68,2,0,2,1,1,0,"29,65",,10,3,0,0,3,0,0,0,2,1,22,3,9,2,13,1,4,10,80,20,2.66,0.89,2.75,0.46,Etihad Stadium (Manchester)
1538229600,Sep 29 2018 - 2:00pm,complete,51523,Newcastle United,Leicester City,Simon Hooper,7,0,1,1.32,1.32,0,2,2,1,0,1,,"30,73",5,9,0,0,0,0,0,0,0,0,6,10,2,6,4,4,11,5,41,59,0.85,1.51,0.73,1.36,St. James' Park (Newcastle upon Tyne)
1538229600,Sep 29 2018 - 2:00pm,complete,31147,Wolverhampton Wanderers,Southampton,Stuart Attwell,7,1.67,1,1.79,0.84,2,0,2,0,0,0,"79,87",,8,6,3,0,1,0,0,3,0,1,13,11,7,7,6,4,11,7,48,52,1.59,1.2,1.6,1.5,Molineux Stadium (Wolverhampton- West Midlands)
1538238600,Sep 29 2018 - 4:30pm,complete,40625,Chelsea,Liverpool,Andre Marriner,7,3,3,2.21,2.32,1,1,2,1,1,0,25,89,4,4,0,0,2,0,0,0,1,1,9,13,5,7,4,6,7,9,47,53,2.06,1.61,1.17,1.78,Stamford Bridge (London)
1538319600,Sep 30 2018 - 3:00pm,complete,30411,Cardiff City,Burnley,Martin Atkinson,7,0.33,0.33,1.05,0.89,1,2,3,0,0,0,60,"51,70",10,2,1,0,3,0,0,1,1,2,15,4,6,3,9,1,11,15,54,46,1.02,1.24,1.94,0.72,Cardiff City Stadium (Cardiff (Caerdydd))
1538420400,Oct 01 2018 - 7:00pm,complete,10199,AFC Bournemouth,Crystal Palace,Mike Dean,7,2.33,2,1.53,1.53,2,1,3,1,1,0,"5,87",55,3,3,3,0,4,0,1,2,0,4,10,7,6,3,4,4,9,12,44,56,1.47,1.24,1.39,1.04,Vitality Stadium (Bournemouth- Dorset)
1538766000,Oct 05 2018 - 7:00pm,complete,30544,Brighton & Hove Albion,West Ham United,Kevin Friend,8,1.33,1,1.21,1.11,1,0,1,1,1,0,25,,2,9,3,0,2,0,1,2,0,2,9,12,5,5,4,7,12,8,35,65,1.24,1.11,1.37,1.86,The American Express Community Stadium (Falmer- East Sussex)
1538834400,Oct 06 2018 - 2:00pm,complete,20533,Burnley,Huddersfield Town,Chris Kavanagh,8,1,0.33,1.21,0.37,1,1,2,1,1,0,20,66,1,10,2,0,2,0,0,2,0,2,4,10,4,3,0,7,9,11,31,69,1.15,0.95,0.76,1.32,Turf Moor (Burnley)
1538834400,Oct 06 2018 - 2:00pm,complete,25715,Crystal Palace,Wolverhampton Wanderers,Michael Oliver,8,0.33,1.33,1.05,1.21,0,1,1,0,0,0,,56,6,3,3,0,4,0,1,2,0,4,9,8,5,3,4,5,11,13,67,33,1.48,1.66,1.48,0.95,Selhurst Park (London)
1538834400,Oct 06 2018 - 2:00pm,complete,32007,Leicester City,Everton,Andre Marriner,8,2,0.67,1.42,1.05,1,2,3,2,1,1,40,"7,77",2,10,3,1,1,0,2,2,1,0,8,14,3,9,5,5,10,11,51,49,1.37,1.32,0.99,1.92,King Power Stadium (Leicester- Leicestershire)
1538834400,Oct 06 2018 - 2:00pm,complete,43268,Tottenham Hotspur,Cardiff City,Mike Dean,8,1.5,0.33,2,0.74,1,0,1,1,1,0,8,,6,2,3,0,1,1,0,3,0,2,14,9,8,7,6,2,7,11,75,25,1.89,1.09,2.03,1.37,Wembley Stadium (London)
1538834400,Oct 06 2018 - 2:00pm,complete,20139,Watford,AFC Bournemouth,Jonathan Moss,8,2.25,1,1.42,0.84,0,4,4,3,0,3,,"14,33,45,47",10,7,4,1,1,0,3,2,0,1,5,11,3,8,2,3,11,9,47,53,1.45,1.31,0.89,1.59,Vicarage Road (Watford)
1538843400,Oct 06 2018 - 4:30pm,complete,74519,Manchester United,Newcastle United,Anthony Taylor,8,1.33,0.67,1.89,1.05,3,2,5,2,0,2,"70,76,90","7,10",10,6,2,0,2,0,1,1,0,2,16,14,11,9,5,5,16,8,73,27,1.61,0.93,2.36,1.84,Old Trafford (Manchester)
1538910000,Oct 07 2018 - 11:00am,complete,25401,Fulham,Arsenal,Paul Tierney,8,1.33,2,1.11,1.32,1,5,6,2,1,1,44,"29,49,67,79,90'1",4,2,2,0,0,0,0,2,0,0,13,10,5,8,8,2,11,12,48,52,1.86,1.68,1.53,1.56,Craven Cottage (London)
1538918100,Oct 07 2018 - 1:15pm,complete,27077,Southampton,Chelsea,Craig Pawson,8,0.67,2.33,1.21,1.58,0,3,3,1,0,1,,"30,57,90'3",4,12,6,0,0,0,1,5,0,0,13,10,7,7,6,3,13,11,34,66,1.45,1.59,1.56,1.74,St. Mary's Stadium (Southampton- Hampshire)
1538926200,Oct 07 2018 - 3:30pm,complete,52117,Liverpool,Manchester City,Martin Atkinson,8,3,2.33,2.79,2.32,0,0,0,0,0,0,,,2,6,1,0,3,0,0,1,1,2,7,6,3,3,4,3,10,10,49,51,1.93,1.96,0.99,0.91,Anfield (Liverpool)
1540035000,Oct 20 2018 - 11:30am,complete,40721,Chelsea,Manchester United,Mike Dean,9,2.5,1.5,2.21,1.58,2,2,4,1,1,0,"21,90'6","55,73",5,3,2,0,5,0,2,0,2,3,15,8,7,5,8,3,9,17,62,38,1.84,1.42,1.96,1.14,Stamford Bridge (London)
1540044000,Oct 20 2018 - 2:00pm,complete,10986,AFC Bournemouth,Southampton,Lee Probert,9,2.5,0.75,1.53,0.84,0,0,0,0,0,0,,,6,4,1,0,2,0,0,1,2,0,8,7,3,5,5,2,11,14,57,43,1.45,1.27,1.15,1.12,Vitality Stadium (Bournemouth- Dorset)
1540044000,Oct 20 2018 - 2:00pm,complete,29681,Cardiff City,Fulham,Kevin Friend,9,0.25,0.25,1.05,0.26,4,2,6,4,2,2,"15,20,65,87","11,34",4,4,3,0,3,0,1,2,3,0,16,8,6,5,10,3,15,16,40,60,1.25,0.99,1.85,1.15,Cardiff City Stadium (Cardiff (Caerdydd))
1540044000,Oct 20 2018 - 2:00pm,complete,54094,Manchester City,Burnley,Jonathan Moss,9,3,1,2.84,0.89,5,0,5,1,1,0,"17,54,56,83,90",,10,1,2,0,2,0,1,1,2,0,17,5,11,0,6,5,11,5,69,31,2.68,1.11,2.33,0.48,Etihad Stadium (Manchester)
1540044000,Oct 20 2018 - 2:00pm,complete,50329,Newcastle United,Brighton & Hove Albion,Andre Marriner,9,0,0.25,1.32,0.68,0,1,1,1,0,1,,29,10,2,0,0,2,0,0,0,1,1,19,7,7,3,12,4,13,17,68,32,0.82,0.78,2.38,0.93,St. James' Park (Newcastle upon Tyne)
1540044000,Oct 20 2018 - 2:00pm,complete,56921,West Ham United,Tottenham Hotspur,Martin Atkinson,9,1,2.4,1.63,1.74,0,1,1,1,0,1,,44,10,6,3,0,0,0,0,3,0,0,12,7,5,3,7,4,8,10,44,56,1.14,1.45,1.62,0.92,London Stadium (London)
1540044000,Oct 20 2018 - 2:00pm,complete,31144,Wolverhampton Wanderers,Watford,Lee Mason,9,2,1.33,1.79,1.21,0,2,2,2,0,2,,"20,21",8,2,3,0,1,0,1,2,0,1,8,6,2,4,6,2,23,13,44,56,1.59,1.45,1.06,0.95,Molineux Stadium (Wolverhampton- West Midlands)
1540053000,Oct 20 2018 - 4:30pm,complete,24263,Huddersfield Town,Liverpool,Michael Oliver,9,0.25,2.5,0.47,2.32,0,1,1,1,0,1,,24,2,4,0,0,2,0,0,0,1,1,8,7,2,3,6,4,9,6,47,53,1.12,1.65,1.06,1,John Smith's Stadium (Huddersfield- West Yorkshire)
1540134000,Oct 21 2018 - 3:00pm,complete,38668,Everton,Crystal Palace,Anthony Taylor,9,1.75,1.5,1.79,1.53,2,0,2,0,0,0,"87,89",,10,5,2,0,1,0,1,1,0,1,14,8,5,4,9,4,13,17,59,41,1.48,1.19,1.8,1.12,Goodison Park (Liverpool)
1540234800,Oct 22 2018 - 7:00pm,complete,59886,Arsenal,Leicester City,Chris Kavanagh,9,2.25,1.5,2.37,1.32,3,1,4,2,1,1,"45,63,66",31,6,4,2,0,2,0,2,0,0,2,18,6,7,3,11,3,10,10,69,31,1.41,1.48,2.13,0.89,Emirates Stadium (London)
1540648800,Oct 27 2018 - 2:00pm,complete,30654,Brighton & Hove Albion,Wolverhampton Wanderers,Anthony Taylor,10,1.75,1.75,1.21,1.21,1,0,1,0,0,0,48,,1,10,3,0,0,0,0,3,0,0,7,16,2,8,5,8,11,8,39,61,1.27,1.48,0.82,2.16,The American Express Community Stadium (Falmer- East Sussex)
1540648800,Oct 27 2018 - 2:00pm,complete,25071,Fulham,AFC Bournemouth,Andre Marriner,10,1,1.5,1.11,0.84,0,3,3,1,0,1,,"14,72,85",5,5,3,1,1,0,1,3,0,1,11,12,2,6,9,6,16,3,52,48,1.78,1.38,1.14,1.67,Craven Cottage (London)
1540648800,Oct 27 2018 - 2:00pm,complete,53373,Liverpool,Cardiff City,Stuart Attwell,10,2.5,0.25,2.79,0.74,4,1,5,1,1,0,"10,66,84,87",77,8,0,0,0,0,0,0,0,0,0,14,3,8,2,6,1,6,4,79,21,1.69,1.16,2.06,0.53,Anfield (Liverpool)
1540648800,Oct 27 2018 - 2:00pm,complete,30736,Southampton,Newcastle United,Chris Kavanagh,10,0.5,0.5,1.21,1.05,0,0,0,0,0,0,,,7,2,0,0,1,0,0,0,0,1,18,5,5,0,13,5,9,12,50,50,1.48,1.15,1.97,0.63,St. Mary's Stadium (Southampton- Hampshire)
1540648800,Oct 27 2018 - 2:00pm,complete,20457,Watford,Huddersfield Town,Mike Dean,10,1.8,0.5,1.42,0.37,3,0,3,2,2,0,"10,19,80",,3,3,1,0,2,0,0,1,1,1,13,12,7,8,6,4,9,13,48,52,1.34,1.04,1.66,1.6,Vicarage Road (Watford)
1540657800,Oct 27 2018 - 4:30pm,complete,31848,Leicester City,West Ham United,Michael Oliver,10,1.5,0.75,1.42,1.11,1,1,2,1,0,1,89,30,8,0,1,0,1,1,0,1,1,1,19,10,8,4,11,6,17,5,64,36,1.27,1.3,2.5,1.16,King Power Stadium (Leicester- Leicestershire)
1540733400,Oct 28 2018 - 1:30pm,complete,21430,Burnley,Chelsea,Craig Pawson,10,1,2.5,1.21,1.58,0,4,4,1,0,1,,"22,57,62,90'2",4,4,4,0,2,0,1,3,2,0,6,18,2,9,4,9,14,10,30,70,1.05,1.62,0.81,2.06,Turf Moor (Burnley)
1540733400,Oct 28 2018 - 1:30pm,complete,25718,Crystal Palace,Arsenal,Martin Atkinson,10,0.25,2.25,1.05,1.32,2,2,4,1,1,0,"45'1,83","51,56",6,4,1,0,2,0,1,0,0,2,15,6,4,3,11,3,10,16,42,58,1.48,1.65,1.62,0.9,Selhurst Park (London)
1540742400,Oct 28 2018 - 4:00pm,complete,74525,Manchester United,Everton,Jonathan Moss,10,1.75,1.25,1.89,1.05,2,1,3,1,1,0,"27,49",77,8,4,2,0,1,0,2,0,1,0,14,14,11,7,3,7,15,12,53,47,1.8,1.47,1.94,1.67,Old Trafford (Manchester)
1540843200,Oct 29 2018 - 8:00pm,complete,56854,Tottenham Hotspur,Manchester City,Kevin Friend,10,2,2,2,2.32,0,1,1,1,0,1,,6,3,6,2,0,2,0,1,1,0,2,5,9,2,7,3,2,13,13,48,52,1.94,1.7,0.73,1.53,Wembley Stadium (London)
1541248200,Nov 03 2018 - 12:30pm,complete,10792,AFC Bournemouth,Manchester United,Paul Tierney,11,2.2,1.4,1.53,1.58,1,2,3,2,1,1,11,"35,90'2",9,5,4,0,3,0,0,4,0,3,11,15,8,9,3,6,12,12,48,52,1.39,1.36,1.62,1.95,Vitality Stadium (Bournemouth- Dorset)
1541257200,Nov 03 2018 - 3:00pm,complete,30877,Cardiff City,Leicester City,Lee Probert,11,0.8,1.2,1.05,1.32,0,1,1,0,0,0,,55,6,12,2,0,2,0,1,1,1,1,11,10,3,6,8,4,13,12,40,60,1.37,1.36,1.34,1.49,Cardiff City Stadium (Cardiff (Caerdydd))
1541257200,Nov 03 2018 - 3:00pm,complete,38966,Everton,Brighton & Hove Albion,David Coote,11,2,0.8,1.79,0.68,3,1,4,2,1,1,"26,50,77",33,6,4,0,0,1,0,0,0,1,0,13,4,4,4,9,0,9,17,61,39,1.55,0.81,1.67,0.74,Goodison Park (Liverpool)
1541257200,Nov 03 2018 - 3:00pm,complete,49157,Newcastle United,Watford,Craig Pawson,11,0,1.75,1.32,1.21,1,0,1,0,0,0,65,,8,9,1,0,5,0,0,1,1,4,7,12,3,2,4,10,12,11,41,59,1.14,1.32,0.97,1.33,St. James' Park (Newcastle upon Tyne)
1541257200,Nov 03 2018 - 3:00pm,complete,56862,West Ham United,Burnley,Roger East,11,0.8,0.8,1.63,0.89,4,2,6,2,1,1,"10,68,84,90'2","45,77",10,4,1,0,4,0,1,0,0,4,17,5,11,4,6,1,7,9,62,38,1.24,0.98,2.39,0.74,London Stadium (London)
1541266200,Nov 03 2018 - 5:30pm,complete,59993,Arsenal,Liverpool,Andre Marriner,11,2.4,2.6,2.37,2.32,1,1,2,0,0,0,82,61,5,8,1,0,1,0,0,1,0,1,10,10,5,5,5,5,7,7,61,39,1.55,1.52,1.48,1.29,Emirates Stadium (London)
1541274300,Nov 03 2018 - 7:45pm,complete,31185,Wolverhampton Wanderers,Tottenham Hotspur,Mike Dean,11,1.6,2.5,1.79,1.74,2,3,5,2,0,2,"68,79","27,30,61",5,1,1,0,2,0,1,0,0,2,12,10,8,9,4,1,11,8,48,52,1.48,1.36,1.73,1.52,Molineux Stadium (Wolverhampton- West Midlands)
1541343600,Nov 04 2018 - 3:00pm,complete,53916,Manchester City,Southampton,Lee Mason,11,3,0.8,2.84,0.84,6,1,7,5,4,1,"6,12,18,45'2,67,90'1",29,4,4,1,0,1,0,1,0,1,0,14,12,9,7,5,5,14,9,67,33,2.61,1.24,2.07,1.56,Etihad Stadium (Manchester)
1541347200,Nov 04 2018 - 4:00pm,complete,40407,Chelsea,Crystal Palace,Michael Oliver,11,2.2,1.2,2.21,1.53,3,1,4,1,1,0,"32,65,70",53,4,2,0,0,1,0,0,0,0,1,12,5,7,3,5,2,6,13,73,27,1.86,1.18,1.79,0.76,Stamford Bridge (London)
1541448000,Nov 05 2018 - 8:00pm,complete,17082,Huddersfield Town,Fulham,Anthony Taylor,11,0.2,0.2,0.47,0.26,1,0,1,1,1,0,29,,5,4,1,0,2,0,0,1,1,1,9,5,3,2,6,3,11,8,45,55,1.1,1.03,1.26,0.66,John Smith's Stadium (Huddersfield- West Yorkshire)
1541853000,Nov 10 2018 - 12:30pm,complete,29402,Cardiff City,Brighton & Hove Albion,Martin Atkinson,12,0.67,0.67,1.05,0.68,2,1,3,2,1,1,"28,90",6,4,1,2,0,1,1,1,1,1,1,16,6,7,4,9,2,7,21,60,40,1.36,0.8,1.84,0.81,Cardiff City Stadium (Cardiff (Caerdydd))
1541862000,Nov 10 2018 - 3:00pm,complete,24069,Huddersfield Town,West Ham United,Chris Kavanagh,12,0.67,0.8,0.47,1.11,1,1,2,1,1,0,6,74,5,6,1,0,1,0,1,0,1,0,15,10,8,6,7,4,9,8,43,57,1.13,1.27,1.86,1.45,John Smith's Stadium (Huddersfield- West Yorkshire)
1541862000,Nov 10 2018 - 3:00pm,complete,32184,Leicester City,Burnley,Mike Dean,12,1.4,0.67,1.42,0.89,0,0,0,0,0,0,,,12,1,2,0,0,0,0,2,0,0,15,5,6,2,9,3,13,10,63,37,1.52,0.94,1.93,0.69,King Power Stadium (Leicester- Leicestershire)
1541862000,Nov 10 2018 - 3:00pm,complete,49266,Newcastle United,AFC Bournemouth,Lee Probert,12,0.5,1.8,1.32,0.84,2,1,3,3,2,1,"7,39",45'6,7,10,2,0,1,0,1,1,0,1,15,10,7,5,8,5,9,11,39,61,1.11,1.44,1.78,1.41,St. James' Park (Newcastle upon Tyne)
1541862000,Nov 10 2018 - 3:00pm,complete,28153,Southampton,Watford,Simon Hooper,12,0.6,1.4,1.21,1.21,1,1,2,1,1,0,20,82,7,6,3,0,2,0,1,2,0,2,11,10,5,7,6,3,13,13,42,58,1.57,1.32,1.34,1.49,St. Mary's Stadium (Southampton- Hampshire)
1541871000,Nov 10 2018 - 5:30pm,complete,25685,Crystal Palace,Tottenham Hotspur,Jonathan Moss,12,0.4,2.57,1.05,1.74,0,1,1,0,0,0,,66,10,6,1,0,1,0,1,0,0,1,11,9,6,3,5,6,12,9,35,65,1.51,1.39,1.51,1.27,Selhurst Park (London)
1541937600,Nov 11 2018 - 12:00pm,complete,53128,Liverpool,Fulham,Paul Tierney,12,2.6,0.17,2.79,0.26,2,0,2,1,1,0,"41,53",,6,3,1,0,1,0,0,1,0,1,15,8,8,4,7,4,11,9,73,27,1.77,0.96,1.95,1.01,Anfield (Liverpool)
1541945700,Nov 11 2018 - 2:15pm,complete,40345,Chelsea,Everton,Kevin Friend,12,2.33,1,2.21,1.05,0,0,0,0,0,0,,,5,5,4,0,3,0,3,1,2,1,12,5,5,2,7,3,7,11,68,32,1.85,1.51,1.5,0.61,Stamford Bridge (London)
1541953800,Nov 11 2018 - 4:30pm,complete,60030,Arsenal,Wolverhampton Wanderers,Stuart Attwell,12,2.17,1.4,2.37,1.21,1,1,2,1,0,1,86,13,11,2,2,0,2,0,0,2,0,2,7,12,4,6,3,6,9,16,71,29,1.54,1.62,1.39,1.4,Emirates Stadium (London)
1541953800,Nov 11 2018 - 4:30pm,complete,54316,Manchester City,Manchester United,Anthony Taylor,12,3,1.67,2.84,1.58,3,1,4,1,1,0,"12,48,86",58,5,1,1,0,1,0,1,0,1,0,12,3,6,2,6,1,12,12,64,36,2.52,1.46,1.69,0.63,Etihad Stadium (Manchester)
1543071600,Nov 24 2018 - 3:00pm,complete,30553,Brighton & Hove Albion,Leicester City,Chris Kavanagh,13,2,1.5,1.21,1.32,1,1,2,1,1,0,15,79,6,1,3,0,2,1,0,3,3,0,12,7,4,4,8,3,10,7,54,46,1.18,1.38,1.44,1.11,The American Express Community Stadium (Falmer- East Sussex)
1543071600,Nov 24 2018 - 3:00pm,complete,39139,Everton,Cardiff City,Paul Tierney,13,2.17,0.2,1.79,0.74,1,0,1,0,0,0,59,,7,3,0,0,3,0,0,0,1,2,14,6,9,2,5,4,12,13,70,30,1.57,1.03,2.04,0.78,Goodison Park (Liverpool)
1543071600,Nov 24 2018 - 3:00pm,complete,24603,Fulham,Southampton,Michael Oliver,13,0.8,0.67,1.11,0.84,3,2,5,3,2,1,"33,43,63","18,53",2,5,2,0,3,0,1,1,0,3,9,15,6,9,3,6,10,6,37,63,1.65,1.3,1.28,2.09,Craven Cottage (London)
1543071600,Nov 24 2018 - 3:00pm,complete,74516,Manchester United,Crystal Palace,Lee Mason,13,2,1,1.89,1.53,0,0,0,0,0,0,,,10,3,1,0,2,0,0,1,2,0,10,12,6,3,4,9,13,12,59,41,1.83,1.11,1.63,1.23,Old Trafford (Manchester)
1543071600,Nov 24 2018 - 3:00pm,complete,20540,Watford,Liverpool,Jonathan Moss,13,2,2.33,1.42,2.32,0,3,3,0,0,0,,"67,76,89",5,5,0,0,1,1,0,0,0,2,6,11,2,8,4,3,12,13,36,64,1.4,1.48,0.78,1.56,Vicarage Road (Watford)
1543071600,Nov 24 2018 - 3:00pm,complete,56886,West Ham United,Manchester City,Andre Marriner,13,1.17,2.2,1.63,2.32,0,4,4,3,0,3,,"11,19,34,90'3",8,1,0,0,0,0,0,0,0,0,7,9,2,7,5,2,6,3,30,70,1.43,1.66,0.97,1.42,London Stadium (London)
1543080600,Nov 24 2018 - 5:30pm,complete,55465,Tottenham Hotspur,Chelsea,Martin Atkinson,13,1.5,2.6,2,1.58,3,1,4,2,2,0,"8,16,54",85,4,4,0,0,3,0,0,0,2,1,16,8,10,3,6,5,19,12,39,61,1.64,1.71,2.07,1.08,Wembley Stadium (London)
1543152600,Nov 25 2018 - 1:30pm,complete,10792,AFC Bournemouth,Arsenal,Craig Pawson,13,1.83,2,1.53,1.32,1,2,3,2,1,1,45'1,"30,67",5,8,2,0,1,0,0,2,1,0,8,16,6,5,2,11,6,9,41,59,1.43,1.5,1.18,1.88,Vitality Stadium (Bournemouth- Dorset)
1543161600,Nov 25 2018 - 4:00pm,complete,30130,Wolverhampton Wanderers,Huddersfield Town,Kevin Friend,13,1.33,0.4,1.79,0.37,0,2,2,1,0,1,,"6,74",3,5,1,0,2,0,0,1,1,1,10,11,4,7,6,4,9,8,44,56,1.53,1.15,1.22,1.52,Molineux Stadium (Wolverhampton- West Midlands)
1543264200,Nov 26 2018 - 8:30pm,complete,20628,Burnley,Newcastle United,Anthony Taylor,13,0.8,0.6,1.21,1.05,1,2,3,3,1,2,40,"4,23",5,5,0,0,1,0,0,0,0,1,13,12,5,4,8,8,6,11,56,44,1.01,1.05,1.52,1.29,Turf Moor (Burnley)
1543608000,Nov 30 2018 - 8:00pm,complete,30213,Cardiff City,Wolverhampton Wanderers,Andre Marriner,14,1,1.33,1.05,1.21,2,1,3,1,0,1,"65,77",18,7,6,1,0,2,0,0,1,0,2,12,14,4,5,8,9,3,12,47,53,1.43,1.58,1.44,1.61,Cardiff City Stadium (Cardiff (Caerdydd))
1543676400,Dec 01 2018 - 3:00pm,complete,25098,Crystal Palace,Burnley,Lee Probert,14,0.33,0.71,1.05,0.89,2,0,2,1,1,0,"16,77",,10,2,1,0,1,0,0,1,1,0,21,3,10,0,11,3,9,10,58,42,1.51,0.91,2.61,0.6,Selhurst Park (London)
1543676400,Dec 01 2018 - 3:00pm,complete,22973,Huddersfield Town,Brighton & Hove Albion,Michael Oliver,14,0.71,0.57,0.47,0.68,1,2,3,2,1,1,1,"45'4,69",2,6,0,1,2,0,1,0,1,1,6,10,3,7,3,3,10,12,32,68,1.23,0.8,0.86,1.5,John Smith's Stadium (Huddersfield- West Yorkshire)
1543676400,Dec 01 2018 - 3:00pm,complete,31353,Leicester City,Watford,Graham Scott,14,1.33,1.33,1.42,1.21,2,0,2,2,2,0,"12,23",,4,8,2,0,1,1,0,2,0,2,7,7,4,0,3,7,7,6,37,63,1.59,1.35,0.98,0.98,King Power Stadium (Leicester- Leicestershire)
1543676400,Dec 01 2018 - 3:00pm,complete,54409,Manchester City,AFC Bournemouth,Stuart Attwell,14,3,1.5,2.84,0.84,3,1,4,2,1,1,"16,57,79",44,8,4,0,0,0,0,0,0,0,0,12,4,7,2,5,2,9,3,73,27,2.4,1.43,1.79,0.67,Etihad Stadium (Manchester)
1543676400,Dec 01 2018 - 3:00pm,complete,51853,Newcastle United,West Ham United,Paul Tierney,14,0.86,0.83,1.32,1.11,0,3,3,1,0,1,,"11,63,90'3",7,3,3,0,3,0,1,2,3,0,12,8,5,5,7,3,10,10,58,42,1.2,1.3,1.56,1.06,St. James' Park (Newcastle upon Tyne)
1543685400,Dec 01 2018 - 5:30pm,complete,30187,Southampton,Manchester United,Kevin Friend,14,0.67,1.43,1.21,1.58,2,2,4,4,2,2,"13,20","33,39",3,5,4,0,4,0,1,3,2,2,13,10,7,6,6,4,12,13,40,60,1.54,1.34,1.67,1.34,St. Mary's Stadium (Southampton- Hampshire)
1543752000,Dec 02 2018 - 12:00pm,complete,40551,Chelsea,Fulham,Craig Pawson,14,2.14,0.14,2.21,0.26,2,0,2,1,1,0,"4,82",,4,6,2,0,1,0,0,2,0,1,11,9,10,5,1,4,8,17,66,34,1.8,0.97,1.77,1.23,Stamford Bridge (London)
1543759500,Dec 02 2018 - 2:05pm,complete,59973,Arsenal,Tottenham Hotspur,Mike Dean,14,2,2.63,2.37,1.74,4,2,6,3,1,2,"10,56,74,77","30,34",8,5,3,0,4,1,1,2,2,3,19,10,8,7,11,3,15,17,59,41,1.52,1.37,2.15,1.4,Emirates Stadium (London)
1543767300,Dec 02 2018 - 4:15pm,complete,51756,Liverpool,Everton,Chris Kavanagh,14,2.67,1,2.79,1.05,1,0,1,0,0,0,90'6,,8,1,3,0,2,0,1,2,0,2,14,8,4,4,10,4,12,7,57,43,1.8,1.36,1.7,1.07,Anfield (Liverpool)
1543952700,Dec 04 2018 - 7:45pm,complete,9980,AFC Bournemouth,Huddersfield Town,Roger East,15,1.57,0.83,1.53,0.37,2,1,3,3,2,1,"5,22",38,4,8,4,0,2,0,0,4,0,2,7,17,3,7,4,10,14,11,32,68,1.4,1.21,0.98,2.32,Vitality Stadium (Bournemouth- Dorset)
1543952700,Dec 04 2018 - 7:45pm,complete,29663,Brighton & Hove Albion,Crystal Palace,Kevin Friend,15,1.83,1,1.21,1.53,3,1,4,3,3,0,"24,31,45'4",81,4,5,2,1,3,0,1,2,1,2,7,14,4,6,3,8,14,12,31,69,1.23,1.12,1,1.88,The American Express Community Stadium (Falmer- East Sussex)
1543952700,Dec 04 2018 - 7:45pm,complete,56811,West Ham United,Cardiff City,Graham Scott,15,1,0.17,1.63,0.74,3,1,4,0,0,0,"49,54,61",90'5,10,4,1,0,2,0,1,0,1,1,15,8,12,6,3,2,10,10,61,39,1.36,0.99,2.07,1.18,London Stadium (London)
1543953600,Dec 04 2018 - 8:00pm,complete,20389,Watford,Manchester City,Paul Tierney,15,1.71,2.33,1.42,2.32,1,2,3,1,0,1,85,"40,51",3,11,0,0,1,0,0,0,0,1,10,13,8,8,2,5,4,8,29,71,1.31,1.62,1.46,1.97,Vicarage Road (Watford)
1544039100,Dec 05 2018 - 7:45pm,complete,21741,Burnley,Liverpool,Stuart Attwell,15,0.67,2.43,1.21,2.32,1,3,4,0,0,0,54,"62,69,90'1",5,9,1,0,0,0,0,1,0,0,10,15,7,13,3,2,10,3,25,75,1.09,1.5,1.4,2.23,Turf Moor (Burnley)
1544039100,Dec 05 2018 - 7:45pm,complete,22881,Fulham,Leicester City,David Coote,15,1.17,1.43,1.11,1.32,1,1,2,1,1,0,42,74,10,8,0,0,0,0,0,0,0,0,18,12,8,6,10,6,12,7,45,55,1.59,1.34,2.14,1.49,Craven Cottage (London)
1544039100,Dec 05 2018 - 7:45pm,complete,31300,Wolverhampton Wanderers,Chelsea,Jonathan Moss,15,1.14,2.17,1.79,1.58,2,1,3,1,0,1,"59,63",18,1,5,4,0,4,0,1,3,0,4,6,14,3,4,3,10,18,10,29,71,1.48,1.61,0.84,1.56,Molineux Stadium (Wolverhampton- West Midlands)
1544039100,Dec 05 2018 - 7:45pm,complete,39350,Everton,Newcastle United,Lee Mason,15,2.29,1,1.79,1.05,1,1,2,2,1,1,38,19,14,2,0,0,5,0,0,0,0,5,12,9,4,6,8,3,7,18,76,24,1.63,1.09,1.78,1.13,Goodison Park (Liverpool)
1544040000,Dec 05 2018 - 8:00pm,complete,74507,Manchester United,Arsenal,Andre Marriner,15,1.83,2.17,1.89,1.32,2,2,4,2,1,1,"30,69","26,68",4,4,3,0,3,0,3,0,2,1,8,7,8,5,0,2,13,10,44,56,1.79,1.56,1.34,1.12,Old Trafford (Manchester)
1544040000,Dec 05 2018 - 8:00pm,complete,33012,Tottenham Hotspur,Southampton,Anthony Taylor,15,1.8,0.57,2,0.84,3,1,4,1,1,0,"9,51,55",90'3,8,6,0,0,0,0,0,0,0,0,12,15,9,6,3,9,7,5,52,48,1.72,1.41,1.65,1.78,Wembley Stadium (London)
1544272200,Dec 08 2018 - 12:30pm,complete,10752,AFC Bournemouth,Liverpool,Lee Mason,16,1.75,2.5,1.53,2.32,0,4,4,1,0,1,,"25,48,68,77",6,6,2,0,1,0,2,0,0,1,6,9,3,5,3,4,9,11,40,60,1.34,1.59,0.88,1.38,Vitality Stadium (Bournemouth- Dorset)
1544281200,Dec 08 2018 - 3:00pm,complete,59893,Arsenal,Huddersfield Town,Paul Tierney,16,2.13,0.71,2.37,0.37,1,0,1,0,0,0,83,,7,1,5,0,4,0,4,1,3,1,11,6,3,0,8,6,13,20,61,39,1.6,1.37,1.3,0.66,Emirates Stadium (London)
1544281200,Dec 08 2018 - 3:00pm,complete,18497,Burnley,Brighton & Hove Albion,Martin Atkinson,16,0.57,0.88,1.21,0.68,1,0,1,1,1,0,40,,2,7,2,0,0,0,0,2,0,0,9,14,5,2,4,12,11,11,37,63,1.14,0.89,1.16,1.39,Turf Moor (Burnley)
1544281200,Dec 08 2018 - 3:00pm,complete,30067,Cardiff City,Southampton,Jonathan Moss,16,1.25,0.5,1.05,0.84,1,0,1,0,0,0,74,,7,7,2,0,2,0,1,1,1,1,13,8,5,2,8,6,9,10,36,64,1.43,1.46,1.54,1.03,Cardiff City Stadium (Cardiff (Caerdydd))
1544281200,Dec 08 2018 - 3:00pm,complete,74523,Manchester United,Fulham,Lee Probert,16,1.71,0.13,1.89,0.26,4,1,5,3,3,0,"13,28,42,82",67,10,3,1,0,2,1,1,0,1,2,18,9,12,5,6,4,11,15,62,38,1.73,1,2.45,1.24,Old Trafford (Manchester)
1544281200,Dec 08 2018 - 3:00pm,complete,56995,West Ham United,Crystal Palace,Anthony Taylor,16,1.25,0.88,1.63,1.53,3,2,5,1,0,1,"48,62,65","6,76",5,3,1,0,2,0,1,0,0,2,12,7,7,5,5,2,10,8,48,52,1.45,1.22,1.71,1.24,London Stadium (London)
1544290200,Dec 08 2018 - 5:30pm,complete,40571,Chelsea,Manchester City,Michael Oliver,16,2.25,2.43,2.21,2.32,2,0,2,1,1,0,"45,78",,1,13,2,0,0,0,0,2,0,0,7,11,6,5,1,6,12,11,38,62,1.8,1.67,1.01,1.58,Stamford Bridge (London)
1544298300,Dec 08 2018 - 7:45pm,complete,31957,Leicester City,Tottenham Hotspur,Craig Pawson,16,1.57,2.33,1.42,1.74,0,2,2,1,0,1,,"45'1,58",6,5,3,0,1,0,1,2,1,0,9,7,4,3,5,4,12,7,42,58,1.5,1.37,1.29,0.96,King Power Stadium (Leicester- Leicestershire)
1544371200,Dec 09 2018 - 4:00pm,complete,50223,Newcastle United,Wolverhampton Wanderers,Mike Dean,16,0.75,1.14,1.32,1.21,1,2,3,2,1,1,23,"17,90'4",4,6,2,1,5,0,1,2,1,4,10,12,5,7,5,5,10,17,50,50,1.25,1.59,1.37,1.59,St. James' Park (Newcastle upon Tyne)
1544472000,Dec 10 2018 - 8:00pm,complete,38400,Everton,Watford,Kevin Friend,16,2.13,1.14,1.79,1.21,2,2,4,1,1,0,"15,90'6","63,65",6,6,1,0,1,0,1,0,0,1,11,11,6,4,5,7,13,13,56,44,1.65,1.3,1.48,1.37,Goodison Park (Liverpool)
1544877000,Dec 15 2018 - 12:30pm,complete,54173,Manchester City,Everton,Craig Pawson,17,3,0.86,2.84,1.05,3,1,4,1,1,0,"22,50,69",65,6,2,1,0,2,0,0,1,1,1,10,8,6,3,4,5,7,9,67,33,2.32,1.32,1.51,0.97,Etihad Stadium (Manchester)
1544886000,Dec 15 2018 - 3:00pm,complete,24738,Crystal Palace,Leicester City,Michael Oliver,17,0.71,1.38,1.05,1.32,1,0,1,1,1,0,39,,4,4,2,0,1,0,1,1,0,1,7,10,2,3,5,7,10,8,43,57,1.67,1.36,0.91,1.27,Selhurst Park (London)
1544886000,Dec 15 2018 - 3:00pm,complete,24036,Huddersfield Town,Newcastle United,Anthony Taylor,17,0.63,1,0.47,1.05,0,1,1,0,0,0,,55,10,1,1,0,1,0,0,1,1,0,13,8,6,6,7,2,5,13,73,27,1.19,1.1,1.94,1.1,John Smith's Stadium (Huddersfield- West Yorkshire)
1544886000,Dec 15 2018 - 3:00pm,complete,41645,Tottenham Hotspur,Burnley,Graham Scott,17,2,0.63,2,0.89,1,0,1,0,0,0,90'1,,8,3,0,0,2,0,0,0,0,2,10,3,4,0,6,3,7,8,70,30,1.71,0.87,1.46,0.43,Wembley Stadium (London)
1544886000,Dec 15 2018 - 3:00pm,complete,20032,Watford,Cardiff City,Andy Madley,17,1.5,0.14,1.42,0.74,3,2,5,1,1,0,"16,52,68","80,82",5,0,0,0,0,0,0,0,0,0,15,8,9,4,6,4,7,5,71,29,1.33,1.02,1.98,1.04,Vicarage Road (Watford)
1544886000,Dec 15 2018 - 3:00pm,complete,30997,Wolverhampton Wanderers,AFC Bournemouth,Simon Hooper,17,1.38,1.29,1.79,0.84,2,0,2,1,1,0,"12,90'4",,5,3,1,0,2,0,0,1,2,0,8,9,5,4,3,5,15,7,37,63,1.4,1.32,1.11,1.41,Molineux Stadium (Wolverhampton- West Midlands)
1544895000,Dec 15 2018 - 5:30pm,complete,24081,Fulham,West Ham United,Mike Dean,17,1.14,1.14,1.11,1.11,0,2,2,2,0,2,,"17,29",6,4,2,0,1,0,1,1,1,0,14,6,5,4,9,2,14,10,56,44,1.67,1.27,1.7,0.97,Craven Cottage (London)
1544967000,Dec 16 2018 - 1:30pm,complete,30645,Brighton & Hove Albion,Chelsea,Stuart Attwell,17,2,1.86,1.21,1.58,1,2,3,2,0,2,66,"17,33",4,1,2,0,2,0,0,2,0,2,6,8,3,4,3,4,14,6,41,59,1.19,1.6,0.88,1.16,The American Express Community Stadium (Falmer- East Sussex)
1544967000,Dec 16 2018 - 1:30pm,complete,29497,Southampton,Arsenal,Chris Kavanagh,17,0.71,2,1.21,1.32,3,2,5,3,2,1,"20,44,85","28,53",4,5,3,0,1,0,0,3,0,1,9,9,8,5,1,4,12,10,33,67,1.56,1.5,1.35,1.34,St. Mary's Stadium (Southampton- Hampshire)
1544976000,Dec 16 2018 - 4:00pm,complete,52908,Liverpool,Manchester United,Martin Atkinson,17,2.71,1.38,2.79,1.58,3,1,4,2,1,1,"24,73,80",33,13,2,0,0,2,0,0,0,2,0,23,6,12,3,11,3,6,14,64,36,1.78,1.34,2.99,0.8,Anfield (Liverpool)
1545422400,Dec 21 2018 - 8:00pm,complete,31358,Wolverhampton Wanderers,Liverpool,Craig Pawson,18,1.56,2.56,1.79,2.32,0,2,2,1,0,1,,"18,68",1,10,0,0,0,0,0,0,0,0,10,11,6,7,4,4,7,3,38,62,1.37,1.56,1.3,1.63,Molineux Stadium (Wolverhampton- West Midlands)
1545481800,Dec 22 2018 - 12:30pm,complete,59493,Arsenal,Burnley,Kevin Friend,18,2.22,0.56,2.37,0.89,3,1,4,1,1,0,"14,48,90'1",63,1,3,2,0,5,0,1,1,1,4,8,6,7,3,1,3,10,14,60,40,1.57,0.82,1.31,0.93,Emirates Stadium (London)
1545490800,Dec 22 2018 - 3:00pm,complete,10491,AFC Bournemouth,Brighton & Hove Albion,Mike Dean,18,1.56,0.78,1.53,0.68,2,0,2,1,1,0,"21,77",,6,5,2,0,1,1,2,0,0,2,11,10,4,6,7,4,8,18,57,43,1.29,0.94,1.33,1.33,Vitality Stadium (Bournemouth- Dorset)
1545490800,Dec 22 2018 - 3:00pm,complete,40558,Chelsea,Leicester City,Lee Probert,18,2.33,1.22,2.21,1.32,0,1,1,0,0,0,,51,9,5,0,0,2,0,0,0,1,1,14,6,6,4,8,2,10,9,72,28,1.71,1.35,2.07,1.04,Stamford Bridge (London)
1545490800,Dec 22 2018 - 3:00pm,complete,22394,Huddersfield Town,Southampton,Stuart Attwell,18,0.56,0.44,0.47,0.84,1,3,4,2,0,2,58,"15,42,71",8,2,2,0,3,0,1,1,0,3,11,13,6,7,5,6,12,9,62,38,1.27,1.41,1.49,1.53,John Smith's Stadium (Huddersfield- West Yorkshire)
1545490800,Dec 22 2018 - 3:00pm,complete,54340,Manchester City,Crystal Palace,Andre Marriner,18,3,0.78,2.84,1.53,2,3,5,3,1,2,"27,85","33,35,51",13,0,0,0,4,0,0,0,1,3,15,6,6,4,9,2,7,6,78,22,2.23,1.22,2.25,0.77,Etihad Stadium (Manchester)
1545490800,Dec 22 2018 - 3:00pm,complete,51237,Newcastle United,Fulham,Martin Atkinson,18,0.67,0.11,1.32,0.26,0,0,0,0,0,0,,,6,0,1,0,2,0,0,1,0,2,6,3,0,3,6,0,9,12,53,47,1.26,1.03,0.87,0.65,St. James' Park (Newcastle upon Tyne)
1545490800,Dec 22 2018 - 3:00pm,complete,56833,West Ham United,Watford,Lee Mason,18,1.44,1.13,1.63,1.21,0,2,2,1,0,1,,"30,87",10,4,3,0,2,0,1,2,0,2,13,7,8,6,5,1,9,11,51,49,1.48,1.31,1.92,1.28,London Stadium (London)
1545499800,Dec 22 2018 - 5:30pm,complete,33028,Cardiff City,Manchester United,Michael Oliver,18,1.44,1.22,1.05,1.58,1,5,6,4,1,3,38,"3,29,41,57,90",4,7,2,0,1,0,0,2,1,0,9,14,4,10,5,4,13,13,25,75,1.45,1.28,1.17,1.88,Cardiff City Stadium (Cardiff (Caerdydd))
1545580800,Dec 23 2018 - 4:00pm,complete,39319,Everton,Tottenham Hotspur,Paul Tierney,18,2,2.4,1.79,1.74,2,6,8,4,1,3,"21,51","27,35,42,48,61,74",2,1,0,0,2,0,0,0,1,1,9,16,4,9,5,7,13,9,41,59,1.63,1.33,1.24,1.83,Goodison Park (Liverpool)
1545827400,Dec 26 2018 - 12:30pm,complete,24382,Fulham,Wolverhampton Wanderers,Andre Marriner,19,1,1.38,1.11,1.21,1,1,2,0,0,0,74,85,2,0,2,0,1,0,2,0,1,0,11,13,6,6,5,7,9,6,29,71,1.67,1.59,1.34,1.76,Craven Cottage (London)
1545836400,Dec 26 2018 - 3:00pm,complete,21484,Burnley,Everton,Michael Oliver,19,0.88,0.75,1.21,1.05,1,5,6,4,1,3,36,"2,13,22,71,90'3",5,7,2,0,4,0,2,0,2,2,11,10,5,7,6,3,11,19,49,51,1.14,1.27,1.49,1.41,Turf Moor (Burnley)
1545836400,Dec 26 2018 - 3:00pm,complete,25206,Crystal Palace,Cardiff City,Lee Probert,19,1,0.13,1.05,0.74,0,0,0,0,0,0,,,12,1,0,0,3,0,0,0,2,1,18,9,6,5,12,4,9,11,62,38,1.57,1.02,2.19,1.21,Selhurst Park (London)
1545836400,Dec 26 2018 - 3:00pm,complete,32090,Leicester City,Manchester City,Mike Dean,19,1.38,2.13,1.42,2.32,2,1,3,2,1,1,"19,81",14,3,7,2,0,2,1,0,2,0,3,10,9,6,5,4,4,5,8,33,67,1.48,1.66,1.27,1.63,King Power Stadium (Leicester- Leicestershire)
1545836400,Dec 26 2018 - 3:00pm,complete,53318,Liverpool,Newcastle United,Graham Scott,19,2.75,1.25,2.79,1.05,4,0,4,1,1,0,"11,47,79,85",,10,2,0,0,0,0,0,0,0,0,13,7,9,3,4,4,7,10,75,25,1.93,1.1,1.97,0.87,Anfield (Liverpool)
1545836400,Dec 26 2018 - 3:00pm,complete,74523,Manchester United,Huddersfield Town,Jonathan Moss,19,1.88,0.63,1.89,0.37,3,1,4,1,1,0,"28,64,78",88,5,3,1,0,1,0,1,0,1,0,13,10,11,3,2,7,9,13,64,36,1.82,1.28,1.96,1.11,Old Trafford (Manchester)
1545836400,Dec 26 2018 - 3:00pm,complete,45154,Tottenham Hotspur,AFC Bournemouth,Chris Kavanagh,19,2.14,1.13,2,0.84,5,0,5,3,3,0,"16,23,35,61,70",,3,4,2,0,1,0,0,2,1,0,10,11,8,5,2,6,5,8,56,44,1.68,1.33,1.46,1.38,Wembley Stadium (London)
1545844500,Dec 26 2018 - 5:15pm,complete,30608,Brighton & Hove Albion,Arsenal,Anthony Taylor,19,1.75,1.75,1.21,1.32,1,1,2,2,1,1,35,7,4,9,2,0,1,0,1,1,0,1,12,6,4,5,8,1,10,4,32,68,1.15,1.48,1.35,1.15,The American Express Community Stadium (Falmer- East Sussex)
1545852600,Dec 26 2018 - 7:30pm,complete,20415,Watford,Chelsea,Martin Atkinson,19,1.67,2,1.42,1.58,1,2,3,2,1,1,45'3,"45'1,58",3,4,1,0,0,0,0,1,0,0,9,10,3,5,6,5,15,5,35,65,1.4,1.55,1.23,1.45,Vicarage Road (Watford)
1545939900,Dec 27 2018 - 7:45pm,complete,31654,Southampton,West Ham United,Craig Pawson,19,1,1.38,1.21,1.11,1,2,3,0,0,0,50,"53,59",4,6,2,0,0,0,0,2,0,0,9,12,6,6,3,6,10,3,45,55,1.53,1.23,1.29,1.6,St. Mary's Stadium (Southampton- Hampshire)
1546095600,Dec 29 2018 - 3:00pm,complete,30597,Brighton & Hove Albion,Everton,Andy Madley,20,1.67,1,1.21,1.05,1,0,1,0,0,0,59,,6,6,0,0,2,0,0,0,0,2,7,11,4,5,3,6,10,11,44,56,1.18,1.29,1.09,1.47,The American Express Community Stadium (Falmer- East Sussex)
1546095600,Dec 29 2018 - 3:00pm,complete,24423,Fulham,Huddersfield Town,Kevin Friend,20,1,0.56,1.11,0.37,1,0,1,0,0,0,90'1,,4,3,3,0,1,0,2,1,0,1,13,7,6,6,7,1,12,10,43,57,1.63,1.26,1.61,1.14,Craven Cottage (London)
1546095600,Dec 29 2018 - 3:00pm,complete,32047,Leicester City,Cardiff City,Simon Hooper,20,1.56,0.22,1.42,0.74,0,1,1,0,0,0,,90'2,10,4,0,0,2,0,0,0,0,2,11,7,8,4,3,3,14,16,62,38,1.45,1.04,1.62,1.18,King Power Stadium (Leicester- Leicestershire)
1546095600,Dec 29 2018 - 3:00pm,complete,46356,Tottenham Hotspur,Wolverhampton Wanderers,Stuart Attwell,20,2.25,1.33,2,1.21,1,3,4,1,1,0,22,"72,83,87",6,7,3,0,2,0,2,1,0,2,8,9,4,5,4,4,7,7,60,40,1.65,1.61,1.19,1.33,Wembley Stadium (London)
1546095600,Dec 29 2018 - 3:00pm,complete,20336,Watford,Newcastle United,Roger East,20,1.5,1.11,1.42,1.05,1,1,2,1,0,1,82,29,3,6,1,0,2,0,1,0,0,2,8,7,6,3,2,4,17,16,62,38,1.38,1.07,1.46,0.97,Vicarage Road (Watford)
1546104600,Dec 29 2018 - 5:30pm,complete,53326,Liverpool,Arsenal,Michael Oliver,20,2.78,1.67,2.79,1.32,5,1,6,5,4,1,"14,16,32,45'2,65",11,5,3,1,0,2,0,1,0,1,1,14,6,11,3,3,3,8,13,47,53,1.94,1.44,2,0.9,Anfield (Liverpool)
1546171200,Dec 30 2018 - 12:00pm,complete,25781,Crystal Palace,Chelsea,Craig Pawson,20,1,2.11,1.05,1.58,0,1,1,0,0,0,,51,3,4,0,0,1,0,0,0,1,0,3,9,0,5,3,4,11,8,34,66,1.64,1.54,0.46,1.57,Selhurst Park (London)
1546179300,Dec 30 2018 - 2:15pm,complete,20933,Burnley,West Ham United,David Coote,20,0.78,1.56,1.21,1.11,2,0,2,2,2,0,"15,34",,5,5,1,0,4,0,1,0,2,2,15,7,6,5,9,2,15,11,43,57,1.18,1.27,1.77,1.17,Turf Moor (Burnley)
1546179300,Dec 30 2018 - 2:15pm,complete,31381,Southampton,Manchester City,Paul Tierney,20,0.89,1.89,1.21,2.32,1,3,4,4,1,3,37,"10,45,45'3",3,8,2,1,3,0,0,3,1,2,6,11,5,7,1,4,11,10,23,77,1.5,1.66,0.87,1.74,St. Mary's Stadium (Southampton- Hampshire)
1546187400,Dec 30 2018 - 4:30pm,complete,74556,Manchester United,AFC Bournemouth,Lee Mason,20,2,1,1.89,0.84,4,1,5,4,3,1,"5,33,45,72",45'2,4,5,2,1,0,0,1,2,0,0,9,6,9,4,0,2,10,7,64,36,1.83,1.34,1.58,1,Old Trafford (Manchester)
1546345800,Jan 01 2019 - 12:30pm,complete,39052,Everton,Leicester City,Martin Atkinson,21,1.8,1.4,1.79,1.32,0,1,1,0,0,0,,58,6,5,3,0,1,0,0,3,0,1,10,8,3,5,7,3,5,8,59,41,1.6,1.32,1.52,1.19,Goodison Park (Liverpool)
1546354800,Jan 01 2019 - 3:00pm,complete,59887,Arsenal,Fulham,Graham Scott,21,2.3,0.2,2.37,0.26,4,1,5,1,1,0,"25,55,79,83",69,8,3,0,0,1,0,0,0,0,1,14,9,10,5,4,4,7,12,59,41,1.54,0.99,2.14,1.17,Emirates Stadium (London)
1546363800,Jan 01 2019 - 5:30pm,complete,32485,Cardiff City,Tottenham Hotspur,Kevin Friend,21,1.3,2.45,1.05,1.74,0,3,3,3,0,3,,"3,12,26",5,3,1,0,0,0,0,1,0,0,6,11,4,5,2,6,6,6,26,74,1.42,1.38,0.92,1.32,Cardiff City Stadium (Cardiff (Caerdydd))
1546458300,Jan 02 2019 - 7:45pm,complete,40668,Chelsea,Southampton,Jonathan Moss,21,2.1,0.7,2.21,0.84,0,0,0,0,0,0,,,7,2,1,0,2,0,0,1,1,1,9,6,7,3,2,3,8,11,71,29,1.74,1.42,1.56,0.95,Stamford Bridge (London)
1546458300,Jan 02 2019 - 7:45pm,complete,23715,Huddersfield Town,Burnley,Mike Dean,21,0.5,0.5,0.47,0.89,1,2,3,2,1,1,33,"40,74",5,2,1,1,4,1,2,0,2,3,6,16,3,9,3,7,11,9,42,58,1.29,0.83,0.87,2.08,John Smith's Stadium (Huddersfield- West Yorkshire)
1546458300,Jan 02 2019 - 7:45pm,complete,59870,West Ham United,Brighton & Hove Albion,Chris Kavanagh,21,1.3,0.7,1.63,0.68,2,2,4,0,0,0,"66,68","56,58",1,5,0,0,1,0,0,0,0,1,13,9,7,7,6,2,9,11,54,46,1.52,0.98,1.61,1.35,London Stadium (London)
1546458300,Jan 02 2019 - 7:45pm,complete,30666,Wolverhampton Wanderers,Crystal Palace,Roger East,21,1.4,1,1.79,1.53,0,2,2,0,0,0,,"83,90'5",3,10,4,0,1,0,2,2,0,1,7,11,2,5,5,6,9,7,51,49,1.36,1.18,0.92,1.54,Molineux Stadium (Wolverhampton- West Midlands)
1546459200,Jan 02 2019 - 8:00pm,complete,10261,AFC Bournemouth,Watford,David Coote,21,1.7,1.33,1.53,1.21,3,3,6,6,3,3,"34,37,40","14,27,38",4,2,1,0,4,0,0,1,2,2,21,10,13,4,8,6,9,15,57,43,1.3,1.3,2.58,1.18,Vitality Stadium (Bournemouth- Dorset)
1546459200,Jan 02 2019 - 8:00pm,complete,52217,Newcastle United,Manchester United,Andre Marriner,21,0.7,1.4,1.32,1.58,0,2,2,0,0,0,,"64,80",1,2,1,0,2,0,1,0,0,2,12,14,4,8,8,6,10,9,34,66,1.22,1.34,1.29,1.77,St. James' Park (Newcastle upon Tyne)
1546545600,Jan 03 2019 - 8:00pm,complete,54511,Manchester City,Liverpool,Anthony Taylor,21,2.7,2.6,2.84,2.32,2,1,3,1,1,0,"40,72",64,2,1,4,0,2,0,2,2,2,0,9,8,5,6,4,2,12,7,49,51,2.23,1.57,1.27,1.2,Etihad Stadium (Manchester)
1547296200,Jan 12 2019 - 12:30pm,complete,59946,West Ham United,Arsenal,Jonathan Moss,22,1.27,1.5,1.63,1.32,1,0,1,0,0,0,48,,7,3,0,0,2,0,0,0,0,2,11,11,4,3,7,8,7,10,41,59,1.53,1.39,1.37,1.2,London Stadium (London)
1547305200,Jan 12 2019 - 3:00pm,complete,30862,Brighton & Hove Albion,Liverpool,Kevin Friend,22,1.8,2.36,1.21,2.32,0,1,1,0,0,0,,50,2,7,0,0,0,0,0,0,0,0,6,9,0,4,6,5,15,5,29,71,1.17,1.54,0.61,1.29,The American Express Community Stadium (Falmer- East Sussex)
1547305200,Jan 12 2019 - 3:00pm,complete,19316,Burnley,Fulham,Martin Atkinson,22,1,0.18,1.21,0.26,2,1,3,3,2,1,"20,23",2,2,6,1,0,2,0,0,1,1,1,7,9,2,5,5,4,5,9,41,59,1.24,1.01,0.87,1.37,Turf Moor (Burnley)
1547305200,Jan 12 2019 - 3:00pm,complete,30725,Cardiff City,Huddersfield Town,Lee Mason,22,1.18,0.5,1.05,0.37,0,0,0,0,0,0,,,3,10,3,0,1,0,1,2,1,0,0,7,0,3,0,4,12,14,38,62,1.37,1.25,0.32,1.05,Cardiff City Stadium (Cardiff (Caerdydd))
1547305200,Jan 12 2019 - 3:00pm,complete,25010,Crystal Palace,Watford,Paul Tierney,22,0.9,1.3,1.05,1.21,1,2,3,1,1,0,38,"67,74",7,7,1,0,4,0,0,1,0,4,13,12,7,3,6,9,11,11,55,45,1.52,1.29,1.9,1.37,Selhurst Park (London)
1547305200,Jan 12 2019 - 3:00pm,complete,31491,Leicester City,Southampton,Michael Oliver,22,1.4,0.73,1.42,0.84,1,2,3,2,0,2,58,"11,45'2",10,3,2,0,2,1,2,0,2,1,15,7,7,4,8,3,7,9,71,29,1.47,1.38,2.24,0.89,King Power Stadium (Leicester- Leicestershire)
1547314200,Jan 12 2019 - 5:30pm,complete,40491,Chelsea,Newcastle United,Chris Kavanagh,22,2,1.1,2.21,1.05,2,1,3,2,1,1,"9,57",40,8,5,1,0,1,0,0,1,1,0,9,9,7,3,2,6,6,13,65,35,1.73,1.06,1.53,1.01,Stamford Bridge (London)
1547388900,Jan 13 2019 - 2:15pm,complete,38113,Everton,AFC Bournemouth,Anthony Taylor,22,1.64,0.9,1.79,0.84,2,0,2,0,0,0,"61,90'5",,5,9,5,0,0,0,1,4,0,0,12,15,4,8,8,7,17,8,50,50,1.59,1.3,1.41,1.98,Goodison Park (Liverpool)
1547397000,Jan 13 2019 - 4:30pm,complete,80062,Tottenham Hotspur,Manchester United,Mike Dean,22,2,1.55,2,1.58,0,1,1,1,0,1,,44,7,4,1,0,2,0,0,1,0,2,18,12,12,9,6,3,8,8,61,39,1.6,1.38,2.43,1.64,Wembley Stadium (London)
1547496000,Jan 14 2019 - 8:00pm,complete,54171,Manchester City,Wolverhampton Wanderers,Craig Pawson,22,2.73,1.5,2.84,1.21,3,0,3,2,2,0,"10,39,78",,12,1,1,0,0,1,1,0,1,0,17,2,10,0,7,2,6,3,76,24,2.15,1.58,2.68,0.2,Etihad Stadium (Manchester)
1547901000,Jan 19 2019 - 12:30pm,complete,31278,Wolverhampton Wanderers,Leicester City,Chris Kavanagh,23,1.27,1.55,1.79,1.32,4,3,7,2,2,0,"4,12,64,90'3","47,51,87",5,9,3,0,3,0,2,1,2,1,11,12,8,7,3,5,11,10,45,55,1.32,1.31,1.5,1.79,Molineux Stadium (Wolverhampton- West Midlands)
1547910000,Jan 19 2019 - 3:00pm,complete,10495,AFC Bournemouth,West Ham United,Simon Hooper,23,1.64,1.4,1.53,1.11,2,0,2,0,0,0,"53,90'1",,2,3,0,0,1,0,0,0,1,0,10,8,5,2,5,6,6,10,38,62,1.41,1.26,1.42,1.1,Vitality Stadium (Bournemouth- Dorset)
1547910000,Jan 19 2019 - 3:00pm,complete,53171,Liverpool,Crystal Palace,Jonathan Moss,23,2.8,1.18,2.79,1.53,4,3,7,1,0,1,"46,53,75,90'3","34,65,90'5",8,3,1,1,1,0,0,2,1,0,17,7,10,4,7,3,6,8,70,30,1.94,1.21,2.49,0.9,Anfield (Liverpool)
1547910000,Jan 19 2019 - 3:00pm,complete,74532,Manchester United,Brighton & Hove Albion,Paul Tierney,23,2.1,0.73,1.89,0.68,2,1,3,2,2,0,"27,42",72,6,5,1,0,0,0,0,1,0,0,15,7,6,4,9,3,11,11,56,44,1.81,1.02,1.71,1.04,Old Trafford (Manchester)
1547910000,Jan 19 2019 - 3:00pm,complete,49864,Newcastle United,Cardiff City,Stuart Attwell,23,0.64,0.5,1.32,0.74,3,0,3,1,1,0,"24,63,90'3",,7,10,0,0,1,0,0,0,0,1,12,7,7,2,5,5,11,6,53,47,1.23,1.06,1.65,0.98,St. James' Park (Newcastle upon Tyne)
1547910000,Jan 19 2019 - 3:00pm,complete,29989,Southampton,Everton,Graham Scott,23,0.8,0.9,1.21,1.05,2,1,3,0,0,0,"50,64",90'1,7,6,2,0,1,0,0,2,0,1,9,4,5,3,4,1,12,11,39,61,1.44,1.31,1.24,0.93,St. Mary's Stadium (Southampton- Hampshire)
1547910000,Jan 19 2019 - 3:00pm,complete,19510,Watford,Burnley,Michael Oliver,23,1.45,0.73,1.42,0.89,0,0,0,0,0,0,,,1,7,1,0,2,0,0,1,0,2,8,11,5,4,3,7,14,9,54,46,1.39,0.94,1.15,1.41,Vicarage Road (Watford)
1547919000,Jan 19 2019 - 5:30pm,complete,59979,Arsenal,Chelsea,Anthony Taylor,23,2.36,2.2,2.37,1.58,2,0,2,2,2,0,"14,39",,5,6,0,0,2,0,0,0,1,1,13,11,6,2,7,9,13,15,35,65,1.59,1.54,1.64,1.52,Emirates Stadium (London)
1547991000,Jan 20 2019 - 1:30pm,complete,24190,Huddersfield Town,Manchester City,Andre Marriner,23,0.45,2,0.47,2.32,0,3,3,1,0,1,,"18,54,56",1,4,2,0,2,0,2,0,1,1,6,11,3,5,3,6,10,9,32,68,1.25,1.67,0.85,1.36,John Smith's Stadium (Huddersfield- West Yorkshire)
1548000000,Jan 20 2019 - 4:00pm,complete,24807,Fulham,Tottenham Hotspur,Craig Pawson,23,1.2,2.5,1.11,1.74,1,2,3,1,1,0,17,"51,90'3",7,10,2,0,3,0,0,2,0,3,10,12,5,6,5,6,10,8,26,74,1.63,1.37,1.17,1.79,Craven Cottage (London)
1548791100,Jan 29 2019 - 7:45pm,complete,59933,Arsenal,Cardiff City,Mike Dean,24,2.42,0.45,2.37,0.74,2,1,3,0,0,0,"66,83",90'3,4,7,3,0,3,0,2,1,1,2,10,12,5,3,5,9,14,12,70,30,1.6,1.05,1.5,1.29,Emirates Stadium (London)
1548791100,Jan 29 2019 - 7:45pm,complete,22008,Fulham,Brighton & Hove Albion,Lee Probert,24,1.09,0.67,1.11,0.68,4,2,6,2,0,2,"47,58,74,79","3,17",10,1,2,0,3,0,1,1,2,1,18,11,9,7,9,4,10,5,61,39,1.59,1.02,2.35,1.58,Craven Cottage (London)
1548791100,Jan 29 2019 - 7:45pm,complete,23699,Huddersfield Town,Everton,Stuart Attwell,24,0.42,0.82,0.47,1.05,0,1,1,1,0,1,,3,3,4,1,0,4,1,0,1,2,3,9,10,3,6,6,4,13,10,58,42,1.22,1.27,1.22,1.24,John Smith's Stadium (Huddersfield- West Yorkshire)
1548791100,Jan 29 2019 - 7:45pm,complete,31122,Wolverhampton Wanderers,West Ham United,David Coote,24,1.42,1.27,1.79,1.11,3,0,3,0,0,0,"66,80,86",,5,1,4,0,1,0,1,3,1,0,14,4,10,0,4,4,8,10,54,46,1.34,1.25,1.97,0.56,Molineux Stadium (Wolverhampton- West Midlands)
1548792000,Jan 29 2019 - 8:00pm,complete,74529,Manchester United,Burnley,Jonathan Moss,24,2.18,0.75,1.89,0.89,2,2,4,0,0,0,"87,90'2","51,81",11,3,1,0,3,0,0,1,0,3,21,5,10,5,11,0,10,9,74,26,1.8,0.98,2.76,0.86,Old Trafford (Manchester)
1548792000,Jan 29 2019 - 8:00pm,complete,50861,Newcastle United,Manchester City,Paul Tierney,24,0.83,2.09,1.32,2.32,2,1,3,1,0,1,"66,80",1,1,8,2,0,3,0,0,2,2,1,6,8,3,5,3,3,9,7,23,77,1.26,1.64,0.76,1.45,St. James' Park (Newcastle upon Tyne)
1548877500,Jan 30 2019 - 7:45pm,complete,10227,AFC Bournemouth,Chelsea,Roger East,24,1.75,2,1.53,1.58,4,0,4,0,0,0,"47,63,74,90'5",,3,7,1,0,0,0,0,1,0,0,10,10,8,8,2,2,8,6,32,68,1.41,1.54,1.36,1.89,Vitality Stadium (Bournemouth- Dorset)
1548877500,Jan 30 2019 - 7:45pm,complete,28339,Southampton,Crystal Palace,Andre Marriner,24,1,1.08,1.21,1.53,1,1,2,1,0,1,77,41,3,8,2,0,3,1,1,1,1,3,10,13,5,4,5,9,11,8,58,42,1.42,1.18,1.47,1.42,St. Mary's Stadium (Southampton- Hampshire)
1548878400,Jan 30 2019 - 8:00pm,complete,53092,Liverpool,Leicester City,Martin Atkinson,24,2.82,1.42,2.79,1.32,1,1,2,2,1,1,3,45'2,7,1,1,0,3,0,1,0,1,2,9,5,4,3,5,2,13,6,72,28,1.99,1.35,1.51,0.79,Anfield (Liverpool)
1548878400,Jan 30 2019 - 8:00pm,complete,29164,Tottenham Hotspur,Watford,Graham Scott,24,1.8,1.45,2,1.21,2,1,3,1,0,1,"80,87",38,9,5,0,0,4,0,0,0,0,4,10,7,4,2,6,5,6,9,68,32,1.68,1.3,1.54,0.82,Wembley Stadium (London)
1549110600,Feb 02 2019 - 12:30pm,complete,41219,Tottenham Hotspur,Newcastle United,Andre Marriner,25,1.91,1,2,1.05,1,0,1,0,0,0,83,,6,3,0,0,1,0,0,0,0,1,13,6,5,3,8,3,6,6,71,29,1.67,1.06,1.86,0.78,Wembley Stadium (London)
1549119600,Feb 02 2019 - 3:00pm,complete,30414,Brighton & Hove Albion,Watford,Simon Hooper,25,1.64,1.33,1.21,1.21,0,0,0,0,0,0,,,7,0,1,0,0,0,1,0,0,0,18,6,5,0,13,6,15,10,55,45,1.12,1.26,2.1,0.63,The American Express Community Stadium (Falmer- East Sussex)
1549119600,Feb 02 2019 - 3:00pm,complete,19787,Burnley,Southampton,Anthony Taylor,25,1.18,0.92,1.21,0.84,1,1,2,0,0,0,90'4,55,4,2,3,0,1,0,2,1,0,1,10,8,7,5,3,3,10,9,54,46,1.2,1.34,1.61,1.14,Turf Moor (Burnley)
1549119600,Feb 02 2019 - 3:00pm,complete,40626,Chelsea,Huddersfield Town,Paul Tierney,25,2.08,0.55,2.21,0.37,5,0,5,2,2,0,"16,45'1,66,69,86",,11,2,0,0,0,0,0,0,0,0,16,4,8,3,8,1,8,5,65,35,1.71,1.23,2.14,0.76,Stamford Bridge (London)
1549119600,Feb 02 2019 - 3:00pm,complete,25355,Crystal Palace,Fulham,Michael Oliver,25,0.82,0.17,1.05,0.26,2,0,2,1,1,0,"25,87",,11,1,2,0,3,0,1,1,2,1,12,8,7,0,5,8,9,12,37,63,1.56,1.04,1.61,0.88,Selhurst Park (London)
1549119600,Feb 02 2019 - 3:00pm,complete,39380,Everton,Wolverhampton Wanderers,Lee Mason,25,1.75,1.36,1.79,1.21,1,3,4,3,1,2,27,"7,45,66",3,1,3,0,1,0,2,1,0,1,7,7,5,5,2,2,12,14,64,36,1.57,1.45,1.19,1.01,Goodison Park (Liverpool)
1549128600,Feb 02 2019 - 5:30pm,complete,31939,Cardiff City,AFC Bournemouth,Jonathan Moss,25,1.17,0.82,1.05,0.84,2,0,2,1,1,0,"5,46",,6,7,1,0,2,0,0,1,0,2,6,8,6,3,0,5,17,14,26,74,1.28,1.37,1.07,1.2,Cardiff City Stadium (Cardiff (Caerdydd))
1549202700,Feb 03 2019 - 2:05pm,complete,32148,Leicester City,Manchester United,Mike Dean,25,1.27,1.67,1.42,1.58,0,1,1,1,0,1,,9,7,2,4,0,4,0,2,2,2,2,15,9,7,7,8,2,14,9,44,56,1.54,1.4,1.9,1.42,King Power Stadium (Leicester- Leicestershire)
1549211400,Feb 03 2019 - 4:30pm,complete,54483,Manchester City,Arsenal,Martin Atkinson,25,2.75,1.36,2.84,1.32,3,1,4,3,2,1,"1,44,61",11,4,2,1,0,1,0,0,1,1,0,16,3,13,3,3,0,11,8,58,42,2.19,1.37,2.42,0.55,Etihad Stadium (Manchester)
1549310400,Feb 04 2019 - 8:00pm,complete,59903,West Ham United,Liverpool,Kevin Friend,25,1.42,2.42,1.63,2.32,1,1,2,2,1,1,28,22,2,5,1,0,1,0,0,1,0,1,10,10,3,7,7,3,9,11,26,74,1.52,1.52,1.09,1.59,London Stadium (London)
1549482300,Feb 06 2019 - 7:45pm,complete,39322,Everton,Manchester City,Craig Pawson,27,1.62,1.92,1.79,2.32,0,2,2,1,0,1,,"45'2,90'7",5,6,1,0,1,0,0,1,0,1,2,9,2,5,0,4,12,6,38,62,1.54,1.62,0.77,1.43,Goodison Park (Liverpool)
1549715400,Feb 09 2019 - 12:30pm,complete,25001,Fulham,Manchester United,Paul Tierney,26,1.25,1.77,1.11,1.58,0,3,3,2,0,2,,"14,23,65",5,4,3,0,2,0,2,1,1,1,11,12,4,8,7,4,14,9,51,49,1.65,1.4,1.42,1.79,Craven Cottage (London)
1549724400,Feb 09 2019 - 3:00pm,complete,25552,Crystal Palace,West Ham United,Craig Pawson,26,1,1.17,1.05,1.11,1,1,2,1,0,1,76,27,10,4,3,0,0,0,3,0,0,0,16,5,6,5,10,0,12,9,57,43,1.56,1.19,1.98,1.07,Selhurst Park (London)
1549724400,Feb 09 2019 - 3:00pm,complete,24182,Huddersfield Town,Arsenal,Jonathan Moss,26,0.38,1.25,0.47,1.32,1,2,3,2,0,2,90'3,"16,44",5,0,3,0,2,0,1,2,0,2,14,9,8,5,6,4,17,12,54,46,1.22,1.3,1.92,1.09,John Smith's Stadium (Huddersfield- West Yorkshire)
1549724400,Feb 09 2019 - 3:00pm,complete,53178,Liverpool,AFC Bournemouth,Anthony Taylor,26,2.67,0.75,2.79,0.84,3,0,3,2,2,0,"24,34,48",,8,5,2,0,2,0,0,2,2,0,16,8,10,3,6,5,14,6,65,35,1.95,1.35,2.29,1,Anfield (Liverpool)
1549724400,Feb 09 2019 - 3:00pm,complete,31438,Southampton,Cardiff City,Martin Atkinson,26,1,0.42,1.21,0.74,1,2,3,0,0,0,90'1,"69,90'3",8,2,3,0,3,0,1,2,0,3,13,7,8,4,5,3,15,12,66,34,1.43,1.07,1.86,1.01,St. Mary's Stadium (Southampton- Hampshire)
1549724400,Feb 09 2019 - 3:00pm,complete,20333,Watford,Everton,Lee Probert,26,1.42,1,1.42,1.05,1,0,1,0,0,0,65,,8,2,2,0,1,1,0,2,0,2,6,9,3,5,3,4,21,10,44,56,1.37,1.27,0.96,1.29,Vicarage Road (Watford)
1549733400,Feb 09 2019 - 5:30pm,complete,29323,Brighton & Hove Albion,Burnley,Stuart Attwell,26,1.58,0.77,1.21,0.89,1,3,4,1,0,1,76,"26,61,74",9,3,1,0,1,0,0,1,0,1,11,8,7,6,4,2,8,7,68,32,1.2,0.97,1.81,1.14,The American Express Community Stadium (Falmer- East Sussex)
1549805400,Feb 10 2019 - 1:30pm,complete,44154,Tottenham Hotspur,Leicester City,Michael Oliver,26,2,1.38,2,1.32,3,1,4,1,1,0,"33,63,90'1",76,2,9,3,0,1,0,3,0,0,1,8,19,6,10,2,9,11,4,53,47,1.68,1.31,1.21,2.32,Wembley Stadium (London)
1549814400,Feb 10 2019 - 4:00pm,complete,54452,Manchester City,Chelsea,Mike Dean,26,2.77,1.83,2.84,1.58,6,0,6,4,4,0,"4,13,19,25,56,80",,2,2,1,0,2,0,0,1,0,2,15,8,10,5,5,3,9,13,55,45,2.21,1.57,1.98,1.24,Etihad Stadium (Manchester)
1549915200,Feb 11 2019 - 8:00pm,complete,30687,Wolverhampton Wanderers,Newcastle United,Graham Scott,26,1.54,0.92,1.79,1.05,1,1,2,0,0,0,90'5,56,13,1,1,0,3,0,0,1,1,2,15,6,7,4,8,2,7,9,59,41,1.39,1.03,1.96,0.85,Molineux Stadium (Wolverhampton- West Midlands)
1550864700,Feb 22 2019 - 7:45pm,complete,30387,Cardiff City,Watford,Simon Hooper,27,1.31,1.31,1.05,1.21,1,5,6,1,0,1,82,"18,61,63,73,90'1",3,3,1,0,2,0,0,1,1,1,12,12,7,8,5,4,10,11,35,65,1.27,1.21,1.57,1.62,Cardiff City Stadium (Cardiff (Caerdydd))
1550864700,Feb 22 2019 - 7:45pm,complete,59950,West Ham United,Fulham,Lee Mason,27,1.38,0.15,1.63,0.26,3,1,4,3,2,1,"29,40,90'1",3,12,0,1,0,1,0,0,1,1,0,17,8,8,6,9,2,11,11,55,45,1.49,1.03,2.15,1.15,London Stadium (London)
1550925000,Feb 23 2019 - 12:30pm,complete,21338,Burnley,Tottenham Hotspur,Mike Dean,27,1.17,2.54,1.21,1.74,2,1,3,0,0,0,"57,83",65,7,6,1,0,3,0,0,1,0,3,8,12,5,7,3,5,9,12,30,70,1.24,1.41,1.28,1.75,Turf Moor (Burnley)
1550934000,Feb 23 2019 - 3:00pm,complete,10671,AFC Bournemouth,Wolverhampton Wanderers,Roger East,27,1.85,1.5,1.53,1.21,1,1,2,1,1,0,14,83,9,8,4,0,5,0,1,3,2,3,9,8,4,3,5,5,10,15,44,56,1.41,1.42,1.29,1.11,Vitality Stadium (Bournemouth- Dorset)
1550934000,Feb 23 2019 - 3:00pm,complete,52174,Newcastle United,Huddersfield Town,Kevin Friend,27,1,0.5,1.32,0.37,2,0,2,0,0,0,"46,52",,12,0,2,0,0,1,1,1,1,0,24,2,13,0,11,2,11,7,54,46,1.22,1.19,2.99,0.37,St. James' Park (Newcastle upon Tyne)
1550943000,Feb 23 2019 - 5:30pm,complete,31778,Leicester City,Crystal Palace,Anthony Taylor,27,1.17,1.08,1.42,1.53,1,4,5,1,0,1,64,"40,70,81,90'3",8,3,2,0,1,0,1,1,0,1,16,8,6,6,10,2,7,14,65,35,1.57,1.2,2.06,1.15,King Power Stadium (Leicester- Leicestershire)
1551017100,Feb 24 2019 - 2:05pm,complete,59877,Arsenal,Southampton,Graham Scott,27,2.46,0.92,2.37,0.84,2,0,2,2,2,0,"6,17",,6,4,0,0,0,0,0,0,0,0,9,8,5,5,4,3,7,14,62,38,1.59,1.32,1.4,1.28,Emirates Stadium (London)
1551017100,Feb 24 2019 - 2:05pm,complete,74519,Manchester United,Liverpool,Michael Oliver,27,2.08,2.31,1.89,2.32,0,0,0,0,0,0,,,3,7,1,0,3,0,0,1,1,2,5,6,4,2,1,4,15,17,35,65,1.88,1.52,0.76,1.07,Old Trafford (Manchester)
1551210300,Feb 26 2019 - 7:45pm,complete,31849,Cardiff City,Everton,Kevin Friend,28,1.21,0.92,1.05,1.05,0,3,3,1,0,1,,"41,66,90'3",3,4,3,0,1,0,2,1,0,1,6,10,0,5,6,5,12,12,32,68,1.29,1.27,0.85,1.35,Cardiff City Stadium (Cardiff (Caerdydd))
1551210300,Feb 26 2019 - 7:45pm,complete,22714,Huddersfield Town,Wolverhampton Wanderers,David Coote,28,0.36,1.46,0.47,1.21,1,0,1,0,0,0,90'1,,3,5,2,0,2,0,1,1,1,1,13,6,4,0,9,6,10,10,49,51,1.27,1.39,1.44,0.77,John Smith's Stadium (Huddersfield- West Yorkshire)
1551210300,Feb 26 2019 - 7:45pm,complete,30558,Leicester City,Brighton & Hove Albion,Lee Probert,28,1.08,0.62,1.42,0.68,2,1,3,1,1,0,"10,63",66,4,8,1,0,1,0,0,1,1,0,13,13,4,4,9,9,6,4,49,51,1.61,1.06,1.44,1.58,King Power Stadium (Leicester- Leicestershire)
1551211200,Feb 26 2019 - 8:00pm,complete,48323,Newcastle United,Burnley,Craig Pawson,28,1.14,0.93,1.32,0.89,2,0,2,2,2,0,"24,38",,4,7,1,0,3,0,1,0,1,2,13,9,4,3,9,6,8,8,54,46,1.35,0.98,1.36,1.21,St. James' Park (Newcastle upon Tyne)
1551296700,Feb 27 2019 - 7:45pm,complete,59618,Arsenal,AFC Bournemouth,Chris Kavanagh,28,2.5,0.69,2.37,0.84,5,1,6,3,2,1,"4,27,47,59,78",30,9,4,2,0,2,0,1,1,1,1,12,9,8,6,4,3,11,9,64,36,1.58,1.33,1.82,1.25,Emirates Stadium (London)
1551296700,Feb 27 2019 - 7:45pm,complete,27597,Southampton,Fulham,Anthony Taylor,28,0.92,0.14,1.21,0.26,2,0,2,2,2,0,"23,40",,7,4,0,0,1,0,0,0,0,1,12,9,5,5,7,4,15,13,40,60,1.46,1.04,1.49,1.19,St. Mary's Stadium (Southampton- Hampshire)
1551297600,Feb 27 2019 - 8:00pm,complete,25754,Crystal Palace,Manchester United,Martin Atkinson,28,1,1.86,1.05,1.58,1,3,4,1,0,1,66,"33,52,83",5,6,2,0,3,0,1,1,0,3,14,10,3,5,11,5,8,9,45,55,1.59,1.43,1.48,1.32,Selhurst Park (London)
1551297600,Feb 27 2019 - 8:00pm,complete,40542,Chelsea,Tottenham Hotspur,Andre Marriner,28,2.15,2.36,2.21,1.74,2,0,2,0,0,0,"57,84",,2,2,1,0,1,0,0,1,0,1,10,6,2,0,8,6,7,14,46,54,1.74,1.43,1.05,0.82,Stamford Bridge (London)
1551297600,Feb 27 2019 - 8:00pm,complete,53316,Liverpool,Watford,Graham Scott,28,2.69,1.43,2.79,1.21,5,0,5,2,2,0,"9,20,66,79,82",,6,4,0,0,2,0,0,0,0,2,15,5,11,4,4,1,5,7,61,39,1.98,1.24,2.31,0.83,Anfield (Liverpool)
1551297600,Feb 27 2019 - 8:00pm,complete,53528,Manchester City,West Ham United,Stuart Attwell,28,2.79,1.15,2.84,1.11,1,0,1,0,0,0,59,,13,2,0,0,2,0,0,0,1,1,18,3,8,2,10,1,2,6,75,25,2.19,1.18,2.51,0.48,Etihad Stadium (Manchester)
1551529800,Mar 02 2019 - 12:30pm,complete,81332,Tottenham Hotspur,Arsenal,Anthony Taylor,29,2.08,1.38,2,1.32,1,1,2,1,0,1,74,16,3,4,3,0,2,1,0,3,0,3,11,7,4,5,7,2,15,14,60,40,1.65,1.29,1.32,1.1,Wembley Stadium (London)
1551538800,Mar 02 2019 - 3:00pm,complete,10699,AFC Bournemouth,Manchester City,Kevin Friend,29,1.79,2,1.53,2.32,0,1,1,0,0,0,,55,0,14,1,0,2,0,0,1,0,2,0,18,0,8,0,10,7,7,18,82,1.4,1.61,0.11,2.36,Vitality Stadium (Bournemouth- Dorset)
1551538800,Mar 02 2019 - 3:00pm,complete,30182,Brighton & Hove Albion,Huddersfield Town,Mike Dean,29,1.46,0.46,1.21,0.37,1,0,1,0,0,0,79,,6,3,2,0,2,0,1,1,0,2,11,5,5,5,6,0,11,6,52,48,1.25,1.13,1.53,0.87,The American Express Community Stadium (Falmer- East Sussex)
1551538800,Mar 02 2019 - 3:00pm,complete,19223,Burnley,Crystal Palace,Lee Probert,29,1.31,1.21,1.21,1.53,1,3,4,1,0,1,90,"15,48,76",8,5,1,0,2,0,1,0,0,2,15,9,5,5,10,4,9,9,56,44,1.24,1.2,1.86,1.19,Turf Moor (Burnley)
1551538800,Mar 02 2019 - 3:00pm,complete,74459,Manchester United,Southampton,Stuart Attwell,29,2,0.86,1.89,0.84,3,2,5,1,0,1,"53,59,88","26,75",9,7,2,0,1,0,0,2,1,0,16,8,7,4,9,4,7,10,64,36,1.79,1.32,1.88,1.16,Old Trafford (Manchester)
1551538800,Mar 02 2019 - 3:00pm,complete,31309,Wolverhampton Wanderers,Cardiff City,Andre Marriner,29,1.5,0.62,1.79,0.74,2,0,2,2,2,0,"16,18",,7,8,1,0,2,0,1,0,1,1,12,9,7,5,5,4,11,6,56,44,1.43,1.07,1.49,1.54,Molineux Stadium (Wolverhampton- West Midlands)
1551547800,Mar 02 2019 - 5:30pm,complete,59910,West Ham United,Newcastle United,Chris Kavanagh,29,1.5,0.92,1.63,1.05,2,0,2,2,2,0,"7,42",,1,6,3,0,4,0,1,2,2,2,8,9,5,3,3,6,8,14,55,45,1.53,1.02,1.17,1.05,London Stadium (London)
1551614400,Mar 03 2019 - 12:00pm,complete,20062,Watford,Leicester City,Jonathan Moss,29,1.54,1.29,1.42,1.32,2,1,3,1,1,0,"5,90'2",75,1,5,5,0,1,0,1,4,0,1,6,9,6,3,0,6,15,12,39,61,1.34,1.38,1.09,1.29,Vicarage Road (Watford)
1551621900,Mar 03 2019 - 2:05pm,complete,24900,Fulham,Chelsea,Graham Scott,29,1.15,1.69,1.11,1.58,1,2,3,3,1,2,27,"20,31",5,4,2,0,1,0,1,1,0,1,10,13,6,8,4,5,11,10,36,64,1.64,1.54,1.43,1.79,Craven Cottage (London)
1551629700,Mar 03 2019 - 4:15pm,complete,39335,Everton,Liverpool,Martin Atkinson,29,1.5,2.21,1.79,2.32,0,0,0,0,0,0,,,3,7,1,0,2,0,1,0,0,2,7,7,4,4,3,3,12,10,42,58,1.49,1.49,1.14,1.09,Goodison Park (Liverpool)
1552134600,Mar 09 2019 - 12:30pm,complete,24972,Crystal Palace,Brighton & Hove Albion,Craig Pawson,30,0.93,0.57,1.05,0.68,1,2,3,1,0,1,50,"19,74",8,0,1,0,5,0,0,1,2,3,9,5,4,4,5,1,8,18,62,38,1.58,1.1,1.4,0.87,Selhurst Park (London)
1552143600,Mar 09 2019 - 3:00pm,complete,32458,Cardiff City,West Ham United,Graham Scott,30,1.13,1.07,1.05,1.11,2,0,2,1,1,0,"4,52",,7,5,2,0,1,0,1,1,1,0,14,8,8,3,6,5,7,12,29,71,1.26,1.13,1.8,1.08,Cardiff City Stadium (Cardiff (Caerdydd))
1552143600,Mar 09 2019 - 3:00pm,complete,22304,Huddersfield Town,AFC Bournemouth,Anthony Taylor,30,0.53,0.64,0.47,0.84,0,2,2,1,0,1,,"20,66",6,5,3,0,1,0,1,2,0,1,5,9,2,6,3,3,14,9,56,44,1.28,1.32,0.9,1.3,John Smith's Stadium (Huddersfield- West Yorkshire)
1552143600,Mar 09 2019 - 3:00pm,complete,32017,Leicester City,Fulham,David Coote,30,1.21,0.13,1.42,0.26,3,1,4,1,1,0,"21,78,86",51,6,5,0,0,2,0,0,0,0,2,17,5,9,4,8,1,9,13,52,48,1.59,1.05,2.06,0.82,King Power Stadium (Leicester- Leicestershire)
1552143600,Mar 09 2019 - 3:00pm,complete,52242,Newcastle United,Everton,Lee Mason,30,1.27,1.07,1.32,1.05,3,2,5,2,0,2,"65,81,84","18,32",8,2,3,0,1,0,1,2,0,1,15,6,8,4,7,2,13,10,45,55,1.35,1.28,1.86,1.1,St. James' Park (Newcastle upon Tyne)
1552143600,Mar 09 2019 - 3:00pm,complete,31890,Southampton,Tottenham Hotspur,Kevin Friend,30,1.07,2.2,1.21,1.74,2,1,3,1,0,1,"76,81",26,1,10,4,0,2,0,2,2,0,2,9,15,5,6,4,9,16,9,36,64,1.46,1.39,1.27,1.78,St. Mary's Stadium (Southampton- Hampshire)
1552152600,Mar 09 2019 - 5:30pm,complete,54104,Manchester City,Watford,Paul Tierney,30,2.8,1.33,2.84,1.21,3,1,4,0,0,0,"46,50,59",66,9,1,1,0,1,0,1,0,1,0,17,2,10,2,7,0,11,7,71,29,2.21,1.21,2.41,0.37,Etihad Stadium (Manchester)
1552219200,Mar 10 2019 - 12:00pm,complete,53310,Liverpool,Burnley,Andre Marriner,30,2.71,0.87,2.79,0.89,4,2,6,3,2,1,"19,29,67,90'3","6,90'1",7,3,2,0,0,0,1,1,0,0,14,3,6,3,8,0,4,7,68,32,2,1,1.88,0.75,Anfield (Liverpool)
1552226700,Mar 10 2019 - 2:05pm,complete,40692,Chelsea,Wolverhampton Wanderers,Michael Oliver,30,2.21,1.36,2.21,1.21,1,1,2,0,0,0,90'2,56,13,0,1,0,4,0,0,1,1,3,9,3,7,2,2,1,8,14,75,25,1.69,1.35,1.96,0.44,Stamford Bridge (London)
1552235400,Mar 10 2019 - 4:30pm,complete,60000,Arsenal,Manchester United,Jonathan Moss,30,2.53,1.93,2.37,1.58,2,0,2,1,1,0,"12,69",,5,2,2,0,2,0,1,1,0,2,11,12,4,5,7,7,12,18,46,54,1.59,1.42,1.36,1.46,Emirates Stadium (London)
1552748400,Mar 16 2019 - 3:00pm,complete,10625,AFC Bournemouth,Newcastle United,Mike Dean,31,1.67,0.86,1.53,1.05,2,2,4,1,0,1,"48,81","45'5,90'4",6,6,3,0,2,0,2,1,1,1,11,9,4,5,7,4,9,12,48,52,1.32,1.02,1.32,1.26,Vitality Stadium (Bournemouth- Dorset)
1552748400,Mar 16 2019 - 3:00pm,complete,20719,Burnley,Leicester City,Michael Oliver,31,1.21,1.2,1.21,1.32,1,2,3,2,1,1,38,"33,90",9,3,1,0,1,1,1,0,2,0,10,5,3,5,7,0,9,10,62,38,1.29,1.37,1.41,0.9,Turf Moor (Burnley)
1552748400,Mar 16 2019 - 3:00pm,complete,59931,West Ham United,Huddersfield Town,Jonathan Moss,31,1.6,0.43,1.63,0.37,4,3,7,3,1,2,"15,75,84,90'1","17,30,65",5,8,0,0,2,0,0,0,0,2,11,12,6,6,5,6,7,15,64,36,1.51,1.11,1.61,1.36,London Stadium (London)
1552832100,Mar 17 2019 - 2:15pm,complete,25043,Fulham,Liverpool,Craig Pawson,31,1.07,2.13,1.11,2.32,1,2,3,1,0,1,74,"26,81",1,10,2,0,1,0,0,2,1,0,5,14,3,7,2,7,11,7,37,63,1.62,1.46,0.7,2.01,Craven Cottage (London)
1552840200,Mar 17 2019 - 4:30pm,complete,39356,Everton,Chelsea,Anthony Taylor,31,1.47,1.79,1.79,1.58,2,0,2,0,0,0,"49,72",,3,4,1,0,2,0,0,1,1,1,13,11,9,6,4,5,17,9,32,68,1.47,1.56,1.73,1.65,Goodison Park (Liverpool)
1553949000,Mar 30 2019 - 12:30pm,complete,25001,Fulham,Manchester City,Kevin Friend,32,1,2.07,1.11,2.32,0,2,2,2,0,2,,"5,27",0,11,2,0,0,0,0,2,0,0,4,16,0,8,4,8,4,12,34,66,1.56,1.66,0.46,2.09,Craven Cottage (London)
1553958000,Mar 30 2019 - 3:00pm,complete,30636,Brighton & Hove Albion,Southampton,Michael Oliver,32,1.57,0.8,1.21,0.84,0,1,1,0,0,0,,53,6,5,1,0,2,0,1,0,0,2,11,7,2,3,9,4,8,10,60,40,1.27,1.31,1.23,0.99,The American Express Community Stadium (Falmer- East Sussex)
1553958000,Mar 30 2019 - 3:00pm,complete,20990,Burnley,Wolverhampton Wanderers,Chris Kavanagh,32,1.13,1.33,1.21,1.21,2,0,2,1,1,0,"2,77",,1,5,1,0,1,0,0,1,0,1,5,5,2,2,3,3,12,10,37,63,1.29,1.29,0.66,0.89,Turf Moor (Burnley)
1553958000,Mar 30 2019 - 3:00pm,complete,25193,Crystal Palace,Huddersfield Town,Lee Probert,32,0.87,0.4,1.05,0.37,2,0,2,0,0,0,"76,88",,5,5,0,0,0,0,0,0,0,0,12,13,6,6,6,7,10,7,48,52,1.57,1.13,1.53,1.58,Selhurst Park (London)
1553958000,Mar 30 2019 - 3:00pm,complete,31530,Leicester City,AFC Bournemouth,Lee Mason,32,1.33,0.8,1.42,0.84,2,0,2,1,1,0,"11,82",,6,1,0,0,2,0,0,0,0,2,14,7,5,3,9,4,6,12,58,42,1.63,1.32,1.66,0.98,King Power Stadium (Leicester- Leicestershire)
1553958000,Mar 30 2019 - 3:00pm,complete,74543,Manchester United,Watford,Stuart Attwell,32,2.07,1.25,1.89,1.21,2,1,3,1,1,0,"28,72",90,3,5,1,0,2,0,0,1,1,1,7,15,6,9,1,6,14,9,51,49,1.8,1.16,1.23,2.13,Old Trafford (Manchester)
1553967000,Mar 30 2019 - 5:30pm,complete,59988,West Ham United,Everton,Paul Tierney,32,1.69,1,1.63,1.05,0,2,2,2,0,2,,"5,33",4,9,1,0,1,0,0,1,1,0,4,14,2,10,2,4,7,14,49,51,1.51,1.26,0.77,1.99,London Stadium (London)
1554037500,Mar 31 2019 - 1:05pm,complete,32657,Cardiff City,Chelsea,Craig Pawson,32,1.25,1.67,1.05,1.58,1,2,3,0,0,0,46,"84,90'1",2,7,2,0,3,0,0,2,1,2,8,13,4,4,4,9,8,14,28,72,1.29,1.57,1.03,1.47,Cardiff City Stadium (Cardiff (Caerdydd))
1554046200,Mar 31 2019 - 3:30pm,complete,53322,Liverpool,Tottenham Hotspur,Martin Atkinson,32,2.73,2.06,2.79,1.74,2,1,3,1,1,0,"16,90",70,10,3,0,0,1,0,0,0,0,1,12,10,4,3,8,7,5,8,48,52,2,1.41,1.4,1.15,Anfield (Liverpool)
1554145200,Apr 01 2019 - 7:00pm,complete,59869,Arsenal,Newcastle United,Anthony Taylor,32,2.56,0.87,2.37,1.05,2,0,2,1,1,0,"30,83",,6,2,2,0,0,0,0,2,0,0,6,4,5,2,1,2,11,10,70,30,1.58,1.04,1.15,0.58,Emirates Stadium (London)
1554230700,Apr 02 2019 - 6:45pm,complete,17301,Watford,Fulham,Roger East,33,1.64,0.13,1.42,0.26,4,1,5,2,1,1,"23,63,69,75",33,6,4,3,0,2,0,1,2,0,2,9,11,8,8,1,3,12,5,46,54,1.32,1.03,1.6,1.63,Vicarage Road (Watford)
1554230700,Apr 02 2019 - 6:45pm,complete,31302,Wolverhampton Wanderers,Manchester United,Mike Dean,33,1.6,1.81,1.79,1.58,2,1,3,2,1,1,"25,77",13,3,5,1,0,3,1,0,1,2,2,8,12,3,5,5,7,5,11,49,51,1.43,1.43,0.97,1.48,Molineux Stadium (Wolverhampton- West Midlands)
1554317100,Apr 03 2019 - 6:45pm,complete,38593,Chelsea,Brighton & Hove Albion,Graham Scott,27,2.13,0.73,2.21,0.68,3,0,3,1,1,0,"38,60,63",,7,1,0,0,0,0,0,0,0,0,13,4,5,2,8,2,5,9,68,32,1.71,1.08,1.84,0.59,Stamford Bridge (London)
1554317100,Apr 03 2019 - 6:45pm,complete,59215,Tottenham Hotspur,Crystal Palace,Andre Marriner,31,2,1.33,2,1.53,2,0,2,0,0,0,"55,80",,8,2,1,0,0,0,1,0,0,0,20,6,11,2,9,4,8,5,65,35,1.62,1.2,2.71,0.71,Tottenham Hotspur Stadium (London)
1554317100,Apr 03 2019 - 6:45pm,complete,53559,Manchester City,Cardiff City,Jonathan Moss,33,2.81,0.57,2.84,0.74,2,0,2,2,2,0,"6,44",,17,4,0,0,3,0,0,0,2,1,26,4,12,2,14,2,3,7,78,22,2.23,1.1,3.07,0.51,Etihad Stadium (Manchester)
1554490800,Apr 05 2019 - 7:00pm,complete,31797,Southampton,Liverpool,Paul Tierney,33,1.2,2.19,1.21,2.32,1,3,4,2,1,1,9,"36,80,86",7,5,2,0,4,0,0,2,0,4,8,13,2,6,6,7,8,7,33,67,1.45,1.5,0.95,1.69,St. Mary's Stadium (Southampton- Hampshire)
1554559200,Apr 06 2019 - 2:00pm,complete,10446,AFC Bournemouth,Burnley,Martin Atkinson,33,1.63,0.81,1.53,0.89,1,3,4,3,1,2,4,"18,20,56",3,6,2,0,3,0,1,1,2,1,8,8,3,4,5,4,12,16,59,41,1.32,0.98,1.04,1.21,Vitality Stadium (Bournemouth- Dorset)
1554559200,Apr 06 2019 - 2:00pm,complete,24126,Huddersfield Town,Leicester City,David Coote,33,0.5,1.31,0.47,1.32,1,4,5,1,0,1,52,"24,48,79,84",8,5,3,0,0,0,2,1,0,0,8,17,5,10,3,7,13,11,44,56,1.26,1.34,1.16,2.05,John Smith's Stadium (Huddersfield- West Yorkshire)
1554559200,Apr 06 2019 - 2:00pm,complete,51926,Newcastle United,Crystal Palace,Stuart Attwell,33,1.38,1.25,1.32,1.53,0,1,1,0,0,0,,81,9,4,1,0,2,0,0,1,1,1,15,4,6,2,9,2,12,13,53,47,1.38,1.17,1.83,0.67,St. James' Park (Newcastle upon Tyne)
1554642300,Apr 07 2019 - 1:05pm,complete,39400,Everton,Arsenal,Kevin Friend,33,1.56,1.36,1.79,1.32,1,0,1,1,1,0,10,,9,6,1,0,4,0,0,1,2,2,16,6,7,3,9,3,8,9,42,58,1.48,1.27,1.97,0.98,Goodison Park (Liverpool)
1554750000,Apr 08 2019 - 7:00pm,complete,40537,Chelsea,West Ham United,Chris Kavanagh,33,2.19,1,2.21,1.11,2,0,2,1,1,0,"24,90",,7,4,2,0,1,0,0,2,1,0,14,6,8,3,6,3,8,7,54,46,1.72,1.13,1.94,0.96,Stamford Bridge (London)
1555095600,Apr 12 2019 - 7:00pm,complete,32108,Leicester City,Newcastle United,Chris Kavanagh,34,1.44,0.81,1.42,1.05,0,1,1,1,0,1,,32,2,3,2,0,3,0,1,1,0,3,12,11,6,6,6,5,6,10,71,29,1.63,1.01,1.54,1.27,King Power Stadium (Leicester- Leicestershire)
1555155000,Apr 13 2019 - 11:30am,complete,58308,Tottenham Hotspur,Huddersfield Town,Lee Mason,34,2.07,0.38,2,0.37,4,0,4,2,2,0,"24,27,87,90'3",,4,2,2,0,2,0,0,2,1,1,14,7,6,2,8,5,10,12,70,30,1.7,1.16,1.69,0.83,Tottenham Hotspur Stadium (London)
1555164000,Apr 13 2019 - 2:00pm,complete,30460,Brighton & Hove Albion,AFC Bournemouth,Kevin Friend,34,1.47,0.75,1.21,0.84,0,5,5,1,0,1,,"33,55,74,82,90'2",4,1,2,1,4,0,0,3,1,3,5,12,2,8,3,4,10,6,50,50,1.26,1.3,0.87,1.59,The American Express Community Stadium (Falmer- East Sussex)
1555164000,Apr 13 2019 - 2:00pm,complete,21480,Burnley,Cardiff City,Mike Dean,34,1.25,0.53,1.21,0.74,2,0,2,1,1,0,"31,90'2",,8,4,2,0,4,0,2,0,1,3,14,10,8,3,6,7,7,10,46,54,1.25,1.06,1.85,1.17,Turf Moor (Burnley)
1555164000,Apr 13 2019 - 2:00pm,complete,24971,Fulham,Everton,Lee Probert,34,0.94,1.13,1.11,1.05,2,0,2,0,0,0,"46,69",,7,3,2,0,1,0,0,2,1,0,13,8,6,2,7,6,8,10,40,60,1.49,1.31,1.49,1.18,Craven Cottage (London)
1555164000,Apr 13 2019 - 2:00pm,complete,31708,Southampton,Wolverhampton Wanderers,Jonathan Moss,34,1.13,1.25,1.21,1.21,3,1,4,3,2,1,"2,30,71",28,4,9,1,0,3,0,0,1,2,1,11,11,7,3,4,8,13,8,30,70,1.42,1.26,1.41,1.39,St. Mary's Stadium (Southampton- Hampshire)
1555173000,Apr 13 2019 - 4:30pm,complete,74478,Manchester United,West Ham United,Graham Scott,34,2.13,0.94,1.89,1.11,2,1,3,1,1,0,"19,80",49,3,11,1,0,1,0,1,0,0,1,10,11,5,5,5,6,14,5,42,58,1.76,1.12,1.37,1.56,Old Trafford (Manchester)
1555247100,Apr 14 2019 - 1:05pm,complete,25721,Crystal Palace,Manchester City,Martin Atkinson,34,1,2.13,1.05,2.32,1,3,4,1,0,1,81,"15,63,90",2,9,0,0,0,0,0,0,0,0,6,14,4,7,2,7,5,11,27,73,1.57,1.69,0.85,2.05,Selhurst Park (London)
1555255800,Apr 14 2019 - 3:30pm,complete,53279,Liverpool,Chelsea,Michael Oliver,34,2.75,1.75,2.79,1.58,2,0,2,0,0,0,"51,53",,9,2,0,0,1,0,0,0,1,0,11,6,8,4,3,2,5,9,61,39,1.96,1.56,1.87,0.96,Anfield (Liverpool)
1555354800,Apr 15 2019 - 7:00pm,complete,20480,Watford,Arsenal,Craig Pawson,34,1.73,1.27,1.42,1.32,0,1,1,1,0,1,,10,6,4,2,1,0,0,1,2,0,0,7,12,4,6,3,6,12,8,34,66,1.34,1.25,1.07,1.61,Vicarage Road (Watford)
1555440300,Apr 16 2019 - 6:45pm,complete,30226,Brighton & Hove Albion,Cardiff City,Andre Marriner,31,1.38,0.5,1.21,0.74,0,2,2,1,0,1,,"22,50",5,4,0,0,1,0,0,0,0,1,11,7,3,4,8,3,11,13,63,37,1.24,1.07,1.46,0.97,The American Express Community Stadium (Falmer- East Sussex)
1555759800,Apr 20 2019 - 11:30am,complete,54489,Manchester City,Tottenham Hotspur,Michael Oliver,35,2.82,1.94,2.84,1.74,1,0,1,1,1,0,5,,4,4,1,0,2,0,0,1,0,2,11,8,5,5,6,3,11,11,60,40,2.28,1.4,1.58,1.06,Etihad Stadium (Manchester)
1555768800,Apr 20 2019 - 2:00pm,complete,10511,AFC Bournemouth,Fulham,David Coote,35,1.53,0.12,1.53,0.26,0,1,1,0,0,0,,53,3,7,1,0,3,0,0,1,0,3,12,12,6,6,6,6,11,18,49,51,1.3,1.07,1.49,1.6,Vitality Stadium (Bournemouth- Dorset)
1555768800,Apr 20 2019 - 2:00pm,complete,23957,Huddersfield Town,Watford,Roger East,35,0.47,1.18,0.47,1.21,1,2,3,1,0,1,90'3,"5,80",2,2,2,0,2,0,2,0,1,1,9,11,4,7,5,4,15,9,45,55,1.25,1.22,1.15,1.47,John Smith's Stadium (Huddersfield- West Yorkshire)
1555768800,Apr 20 2019 - 2:00pm,complete,59960,West Ham United,Leicester City,Lee Probert,35,1.59,1.41,1.63,1.32,2,2,4,1,1,0,"37,82","67,90'2",6,8,2,0,0,0,0,2,0,0,9,11,4,6,5,5,8,9,49,51,1.47,1.38,1.34,1.51,London Stadium (London)
1555768800,Apr 20 2019 - 2:00pm,complete,31096,Wolverhampton Wanderers,Brighton & Hove Albion,Craig Pawson,35,1.69,0.69,1.79,0.68,0,0,0,0,0,0,,,14,1,0,0,1,0,0,0,1,0,20,5,6,0,14,5,0,8,68,32,1.4,1.05,2.45,0.5,Molineux Stadium (Wolverhampton- West Midlands)
1555777800,Apr 20 2019 - 4:30pm,complete,52191,Newcastle United,Southampton,Anthony Taylor,35,1.29,0.94,1.32,0.84,3,1,4,2,2,0,"27,31,86",59,4,11,0,0,2,0,0,0,1,1,11,11,7,4,4,7,5,11,43,57,1.41,1.29,1.45,1.37,St. James' Park (Newcastle upon Tyne)
1555849800,Apr 21 2019 - 12:30pm,complete,39395,Everton,Manchester United,Paul Tierney,35,1.65,1.71,1.79,1.58,4,0,4,2,2,0,"13,28,56,64",,10,2,1,0,1,0,1,0,0,1,12,7,9,2,3,5,11,7,48,52,1.51,1.43,1.7,0.95,Goodison Park (Liverpool)
1555858800,Apr 21 2019 - 3:00pm,complete,59929,Arsenal,Crystal Palace,Jonathan Moss,35,2.59,1.35,2.37,1.53,2,3,5,1,0,1,"47,77","17,61,69",8,3,4,0,1,0,1,3,0,1,11,13,6,8,5,5,15,12,72,28,1.55,1.14,1.83,1.67,Emirates Stadium (London)
1555858800,Apr 21 2019 - 3:00pm,complete,33082,Cardiff City,Liverpool,Martin Atkinson,35,1.18,2.24,1.05,2.32,0,2,2,0,0,0,,"57,81",5,10,1,0,1,0,0,1,0,1,5,15,3,7,2,8,6,5,23,77,1.28,1.51,0.71,1.89,Cardiff City Stadium (Cardiff (Caerdydd))
1555959600,Apr 22 2019 - 7:00pm,complete,40642,Chelsea,Burnley,Kevin Friend,35,2.24,0.94,2.21,0.89,2,2,4,4,2,2,"12,14","8,24",10,1,2,0,1,0,0,2,1,0,18,6,10,4,8,2,9,4,76,24,1.73,1,2.7,0.84,Stamford Bridge (London)
1556045100,Apr 23 2019 - 6:45pm,complete,19170,Watford,Southampton,Mike Dean,31,1.63,0.88,1.42,0.84,1,1,2,1,0,1,90,1,3,4,5,0,2,0,2,3,2,0,8,8,5,5,3,3,10,14,62,38,1.32,1.29,1.26,1.23,Vicarage Road (Watford)
1556045100,Apr 23 2019 - 6:45pm,complete,56251,Tottenham Hotspur,Brighton & Hove Albion,Chris Kavanagh,33,2.13,0.71,2,0.68,1,0,1,0,0,0,88,,6,3,1,0,2,0,0,1,1,1,18,6,6,2,12,4,7,13,78,22,1.7,1.02,2.33,0.69,Tottenham Hotspur Stadium (London)
1556131500,Apr 24 2019 - 6:45pm,complete,31436,Wolverhampton Wanderers,Arsenal,Stuart Attwell,31,1.65,1.38,1.79,1.32,3,1,4,3,3,0,"28,37,45'2",80,5,5,2,0,3,0,1,1,3,0,9,6,4,2,5,4,12,9,29,71,1.46,1.28,1.01,1.03,Molineux Stadium (Wolverhampton- West Midlands)
1556132400,Apr 24 2019 - 7:00pm,complete,74431,Manchester United,Manchester City,Andre Marriner,31,2.19,2.19,1.89,2.32,0,2,2,0,0,0,,"54,66",1,1,2,0,2,0,1,1,2,0,8,9,2,6,6,3,10,10,36,64,1.74,1.71,0.93,1.36,Old Trafford (Manchester)
1556305200,Apr 26 2019 - 7:00pm,complete,53249,Liverpool,Huddersfield Town,Kevin Friend,36,2.76,0.35,2.79,0.37,5,0,5,3,3,0,"1,23,45'1,66,83",,4,4,0,0,0,0,0,0,0,0,20,4,8,2,12,2,5,14,70,30,1.95,1.14,2.11,0.62,Anfield (Liverpool)
1556364600,Apr 27 2019 - 11:30am,complete,60043,Tottenham Hotspur,West Ham United,Anthony Taylor,36,2.18,0.88,2,1.11,0,1,1,0,0,0,,67,2,7,0,0,2,0,0,0,1,1,9,13,5,8,4,5,3,8,63,37,1.73,1.14,1.39,1.74,Tottenham Hotspur Stadium (London)
1556373600,Apr 27 2019 - 2:00pm,complete,25789,Crystal Palace,Everton,Lee Mason,36,0.94,1.06,1.05,1.05,0,0,0,0,0,0,,,5,10,2,0,0,0,1,1,0,0,6,12,0,4,6,8,9,15,36,64,1.53,1.3,0.69,1.68,Selhurst Park (London)
1556373600,Apr 27 2019 - 2:00pm,complete,23822,Fulham,Cardiff City,Chris Kavanagh,36,1.06,0.65,1.11,0.74,1,0,1,0,0,0,79,,10,3,0,0,0,0,0,0,0,0,8,11,3,9,5,2,10,8,73,27,1.49,1.06,1.06,1.67,Craven Cottage (London)
1556373600,Apr 27 2019 - 2:00pm,complete,31310,Southampton,AFC Bournemouth,Graham Scott,36,1.24,0.88,1.21,0.84,3,3,6,3,1,2,"12,55,67","20,32,86",9,3,2,0,1,0,2,0,1,0,17,10,8,6,9,4,8,9,44,56,1.42,1.31,2.11,1.32,St. Mary's Stadium (Southampton- Hampshire)
1556373600,Apr 27 2019 - 2:00pm,complete,20323,Watford,Wolverhampton Wanderers,Simon Hooper,36,1.59,1.18,1.42,1.21,1,2,3,1,0,1,49,"41,77",4,5,3,0,2,0,0,3,0,2,7,8,2,5,5,3,10,11,56,44,1.32,1.27,1,1.23,Vicarage Road (Watford)
1556382600,Apr 27 2019 - 4:30pm,complete,30587,Brighton & Hove Albion,Newcastle United,Mike Dean,36,1.29,0.94,1.21,1.05,1,1,2,1,0,1,75,18,7,4,2,0,3,0,1,1,2,1,8,5,3,2,5,3,7,10,49,51,1.25,1.02,1.19,0.66,The American Express Community Stadium (Falmer- East Sussex)
1556449200,Apr 28 2019 - 11:00am,complete,32037,Leicester City,Arsenal,Michael Oliver,36,1.35,1.29,1.42,1.32,3,0,3,0,0,0,"59,86,90'5",,8,6,3,0,2,1,1,2,2,1,19,5,13,2,6,3,13,13,67,33,1.62,1.26,2.68,0.74,King Power Stadium (Leicester- Leicestershire)
1556456700,Apr 28 2019 - 1:05pm,complete,21605,Burnley,Manchester City,Paul Tierney,36,1.35,2.24,1.21,2.32,0,1,1,0,0,0,,63,0,6,1,0,1,0,0,1,0,1,3,12,0,8,3,4,5,7,30,70,1.29,1.69,0.39,1.87,Turf Moor (Burnley)
1556465400,Apr 28 2019 - 3:30pm,complete,74526,Manchester United,Chelsea,Martin Atkinson,36,2.06,1.65,1.89,1.58,1,1,2,2,1,1,11,43,6,6,3,0,2,0,1,2,0,2,8,11,6,4,2,7,9,14,51,49,1.69,1.52,1.34,1.43,Old Trafford (Manchester)
1556910000,May 03 2019 - 7:00pm,complete,39303,Everton,Burnley,Chris Kavanagh,37,1.72,0.94,1.79,0.89,2,0,2,2,2,0,"17,20",,8,1,0,0,2,0,0,0,1,1,16,6,7,2,9,4,8,9,60,40,1.52,0.99,1.99,0.87,Goodison Park (Liverpool)
1556969400,May 04 2019 - 11:30am,complete,10630,AFC Bournemouth,Tottenham Hotspur,Craig Pawson,37,1.44,1.83,1.53,1.74,1,0,1,0,0,0,90'1,,10,6,1,0,5,2,0,1,4,3,14,9,7,6,7,3,11,12,53,47,1.31,1.38,1.93,1.31,Vitality Stadium (Bournemouth- Dorset)
1556978400,May 04 2019 - 2:00pm,complete,59961,West Ham United,Southampton,Stuart Attwell,37,1.56,0.89,1.63,0.84,3,0,3,1,1,0,"16,69,72",,2,7,1,0,1,0,0,1,0,1,13,5,7,2,6,3,2,11,56,44,1.46,1.29,1.68,0.8,London Stadium (London)
1556978400,May 04 2019 - 2:00pm,complete,30456,Wolverhampton Wanderers,Fulham,Jonathan Moss,37,1.72,0.28,1.79,0.26,1,0,1,0,0,0,75,,7,1,1,0,3,0,1,0,2,1,16,6,7,3,9,3,10,15,39,61,1.44,1.1,1.89,0.79,Molineux Stadium (Wolverhampton- West Midlands)
1556987400,May 04 2019 - 4:30pm,complete,32133,Cardiff City,Crystal Palace,Michael Oliver,37,1.11,1.44,1.05,1.53,2,3,5,3,1,2,"31,90","28,39,70",10,5,0,0,0,0,0,0,0,0,15,15,9,8,6,7,14,11,39,61,1.25,1.17,1.93,1.89,Cardiff City Stadium (Cardiff (Caerdydd))
1556995500,May 04 2019 - 6:45pm,complete,52206,Newcastle United,Liverpool,Andre Marriner,37,1.39,2.28,1.32,2.32,2,3,5,3,1,2,"20,54","13,28,86",2,3,1,0,1,0,1,0,0,1,11,11,8,5,3,6,10,4,30,70,1.41,1.53,1.46,1.36,St. James' Park (Newcastle upon Tyne)
1557061200,May 05 2019 - 1:00pm,complete,40650,Chelsea,Watford,Paul Tierney,37,2.17,1.28,2.21,1.21,3,0,3,0,0,0,"48,51,75",,6,6,0,0,1,0,0,0,0,1,16,14,10,4,6,10,6,12,58,42,1.79,1.23,2.2,1.54,Stamford Bridge (London)
1557061200,May 05 2019 - 1:00pm,complete,24263,Huddersfield Town,Manchester United,Lee Mason,37,0.44,1.61,0.47,1.58,1,1,2,1,0,1,60,8,3,7,1,0,1,0,0,1,1,0,6,17,4,8,2,9,10,10,35,65,1.25,1.4,0.9,2.05,John Smith's Stadium (Huddersfield- West Yorkshire)
1557070200,May 05 2019 - 3:30pm,complete,59965,Arsenal,Brighton & Hove Albion,Anthony Taylor,37,2.44,0.67,2.37,0.68,1,1,2,1,1,0,9,61,16,3,5,0,2,0,1,4,1,1,14,10,9,6,5,4,9,14,70,30,1.57,1,2.25,1.34,Emirates Stadium (London)
1557169200,May 06 2019 - 7:00pm,complete,54506,Manchester City,Leicester City,Mike Dean,37,2.83,1.39,2.84,1.32,1,0,1,0,0,0,70,,11,0,3,0,2,0,2,1,1,1,16,5,6,3,10,2,12,5,61,39,2.24,1.39,2.09,0.73,Etihad Stadium (Manchester)
1557669600,May 12 2019 - 2:00pm,complete,30662,Brighton & Hove Albion,Manchester City,Michael Oliver,38,1.28,2.28,1.21,2.32,1,4,5,3,1,2,27,"28,38,63,72",2,6,0,0,0,0,0,0,0,0,6,13,3,10,3,3,12,8,23,77,1.25,1.7,0.68,2.16,The American Express Community Stadium (Falmer- East Sussex)
1557669600,May 12 2019 - 2:00pm,complete,21461,Burnley,Arsenal,Mike Dean,38,1.28,1.22,1.21,1.32,1,3,4,0,0,0,65,"52,63,90'4",4,5,5,0,1,0,3,2,0,1,12,11,6,7,6,4,11,3,39,61,1.24,1.23,1.57,1.63,Turf Moor (Burnley)
1557669600,May 12 2019 - 2:00pm,complete,25433,Crystal Palace,AFC Bournemouth,Roger East,38,0.94,0.89,1.05,0.84,5,3,8,4,3,1,"24,32,37,65,80","45,56,73",4,4,3,0,0,0,0,3,0,0,16,15,9,9,7,6,11,8,45,55,1.48,1.31,1.97,2.07,Selhurst Park (London)
1557669600,May 12 2019 - 2:00pm,complete,24979,Fulham,Newcastle United,Kevin Friend,38,1.17,0.94,1.11,1.05,0,4,4,2,0,2,,"9,11,61,90",5,5,1,0,0,0,0,1,0,0,11,13,3,7,8,6,6,8,68,32,1.47,1,1.5,1.47,Craven Cottage (London)
1557669600,May 12 2019 - 2:00pm,complete,32140,Leicester City,Chelsea,Anthony Taylor,38,1.44,1.61,1.42,1.58,0,0,0,0,0,0,,,4,5,0,0,1,0,0,0,1,0,8,12,4,5,4,7,9,8,46,54,1.68,1.52,1.16,1.5,King Power Stadium (Leicester- Leicestershire)
1557669600,May 12 2019 - 2:00pm,complete,53331,Liverpool,Wolverhampton Wanderers,Martin Atkinson,38,2.78,1.28,2.79,1.21,2,0,2,1,1,0,"17,81",,4,1,0,0,2,0,0,0,0,2,11,7,6,3,5,4,3,11,59,41,1.96,1.27,1.4,0.92,Anfield (Liverpool)
1557669600,May 12 2019 - 2:00pm,complete,74457,Manchester United,Cardiff City,Jonathan Moss,38,2,0.61,1.89,0.74,0,2,2,1,0,1,,"23,54",11,2,3,0,3,0,1,2,1,2,21,11,11,5,10,6,9,6,73,27,1.67,1.1,2.67,1.31,Old Trafford (Manchester)
1557669600,May 12 2019 - 2:00pm,complete,30367,Southampton,Huddersfield Town,Lee Probert,38,1.22,0.33,1.21,0.37,1,1,2,1,1,0,41,55,4,3,0,0,1,0,0,0,0,1,7,8,4,4,3,4,8,6,53,47,1.46,1.11,1.15,1.04,St. Mary's Stadium (Southampton- Hampshire)
1557669600,May 12 2019 - 2:00pm,complete,60124,Tottenham Hotspur,Everton,Andre Marriner,38,2.06,1.06,2,1.05,2,2,4,1,1,0,"3,75","69,72",7,4,0,0,2,0,0,0,0,2,9,13,4,10,5,3,10,13,55,45,1.71,1.32,1.23,1.8,Tottenham Hotspur Stadium (London)
1557669600,May 12 2019 - 2:00pm,complete,20067,Watford,West Ham United,Chris Kavanagh,38,1.5,1,1.42,1.11,1,4,5,2,0,2,46,"15,39,71,78",7,2,1,1,0,0,0,2,0,0,11,15,9,10,2,5,10,10,48,52,1.3,1.18,1.81,2.01,Vicarage Road (Watford)
